Start,Finish,Steps (count)
04-Sep-2016 00:00,05-Sep-2016 00:00,263.0
05-Sep-2016 00:00,06-Sep-2016 00:00,0.0
06-Sep-2016 00:00,07-Sep-2016 00:00,0.0
07-Sep-2016 00:00,08-Sep-2016 00:00,0.0
08-Sep-2016 00:00,09-Sep-2016 00:00,0.0
09-Sep-2016 00:00,10-Sep-2016 00:00,0.0
10-Sep-2016 00:00,11-Sep-2016 00:00,0.0
11-Sep-2016 00:00,12-Sep-2016 00:00,0.0
12-Sep-2016 00:00,13-Sep-2016 00:00,0.0
13-Sep-2016 00:00,14-Sep-2016 00:00,0.0
14-Sep-2016 00:00,15-Sep-2016 00:00,0.0
15-Sep-2016 00:00,16-Sep-2016 00:00,0.0
16-Sep-2016 00:00,17-Sep-2016 00:00,0.0
17-Sep-2016 00:00,18-Sep-2016 00:00,0.0
18-Sep-2016 00:00,19-Sep-2016 00:00,264.0
19-Sep-2016 00:00,20-Sep-2016 00:00,0.0
20-Sep-2016 00:00,21-Sep-2016 00:00,136.0
21-Sep-2016 00:00,22-Sep-2016 00:00,0.0
22-Sep-2016 00:00,23-Sep-2016 00:00,0.0
23-Sep-2016 00:00,24-Sep-2016 00:00,0.0
24-Sep-2016 00:00,25-Sep-2016 00:00,0.0
25-Sep-2016 00:00,26-Sep-2016 00:00,0.0
26-Sep-2016 00:00,27-Sep-2016 00:00,353.0
27-Sep-2016 00:00,28-Sep-2016 00:00,287.0
28-Sep-2016 00:00,29-Sep-2016 00:00,50.0
29-Sep-2016 00:00,30-Sep-2016 00:00,0.0
30-Sep-2016 00:00,01-Oct-2016 00:00,22.0
01-Oct-2016 00:00,02-Oct-2016 00:00,0.0
02-Oct-2016 00:00,03-Oct-2016 00:00,0.0
03-Oct-2016 00:00,04-Oct-2016 00:00,0.0
04-Oct-2016 00:00,05-Oct-2016 00:00,0.0
05-Oct-2016 00:00,06-Oct-2016 00:00,0.0
06-Oct-2016 00:00,07-Oct-2016 00:00,0.0
07-Oct-2016 00:00,08-Oct-2016 00:00,0.0
08-Oct-2016 00:00,09-Oct-2016 00:00,0.0
09-Oct-2016 00:00,10-Oct-2016 00:00,0.0
10-Oct-2016 00:00,11-Oct-2016 00:00,0.0
11-Oct-2016 00:00,12-Oct-2016 00:00,0.0
12-Oct-2016 00:00,13-Oct-2016 00:00,0.0
13-Oct-2016 00:00,14-Oct-2016 00:00,0.0
14-Oct-2016 00:00,15-Oct-2016 00:00,0.0
15-Oct-2016 00:00,16-Oct-2016 00:00,0.0
16-Oct-2016 00:00,17-Oct-2016 00:00,0.0
17-Oct-2016 00:00,18-Oct-2016 00:00,0.0
18-Oct-2016 00:00,19-Oct-2016 00:00,0.0
19-Oct-2016 00:00,20-Oct-2016 00:00,0.0
20-Oct-2016 00:00,21-Oct-2016 00:00,0.0
21-Oct-2016 00:00,22-Oct-2016 00:00,0.0
22-Oct-2016 00:00,23-Oct-2016 00:00,0.0
23-Oct-2016 00:00,24-Oct-2016 00:00,0.0
24-Oct-2016 00:00,25-Oct-2016 00:00,0.0
25-Oct-2016 00:00,26-Oct-2016 00:00,0.0
26-Oct-2016 00:00,27-Oct-2016 00:00,0.0
27-Oct-2016 00:00,28-Oct-2016 00:00,0.0
28-Oct-2016 00:00,29-Oct-2016 00:00,0.0
29-Oct-2016 00:00,30-Oct-2016 00:00,0.0
30-Oct-2016 00:00,31-Oct-2016 00:00,0.0
31-Oct-2016 00:00,01-Nov-2016 00:00,0.0
01-Nov-2016 00:00,02-Nov-2016 00:00,0.0
02-Nov-2016 00:00,03-Nov-2016 00:00,0.0
03-Nov-2016 00:00,04-Nov-2016 00:00,0.0
04-Nov-2016 00:00,05-Nov-2016 00:00,0.0
05-Nov-2016 00:00,06-Nov-2016 00:00,0.0
06-Nov-2016 00:00,07-Nov-2016 00:00,0.0
07-Nov-2016 00:00,08-Nov-2016 00:00,0.0
08-Nov-2016 00:00,09-Nov-2016 00:00,0.0
09-Nov-2016 00:00,10-Nov-2016 00:00,0.0
10-Nov-2016 00:00,11-Nov-2016 00:00,0.0
11-Nov-2016 00:00,12-Nov-2016 00:00,0.0
12-Nov-2016 00:00,13-Nov-2016 00:00,0.0
13-Nov-2016 00:00,14-Nov-2016 00:00,0.0
14-Nov-2016 00:00,15-Nov-2016 00:00,0.0
15-Nov-2016 00:00,16-Nov-2016 00:00,0.0
16-Nov-2016 00:00,17-Nov-2016 00:00,0.0
17-Nov-2016 00:00,18-Nov-2016 00:00,0.0
18-Nov-2016 00:00,19-Nov-2016 00:00,0.0
19-Nov-2016 00:00,20-Nov-2016 00:00,0.0
20-Nov-2016 00:00,21-Nov-2016 00:00,0.0
21-Nov-2016 00:00,22-Nov-2016 00:00,0.0
22-Nov-2016 00:00,23-Nov-2016 00:00,0.0
23-Nov-2016 00:00,24-Nov-2016 00:00,0.0
24-Nov-2016 00:00,25-Nov-2016 00:00,0.0
25-Nov-2016 00:00,26-Nov-2016 00:00,0.0
26-Nov-2016 00:00,27-Nov-2016 00:00,0.0
27-Nov-2016 00:00,28-Nov-2016 00:00,0.0
28-Nov-2016 00:00,29-Nov-2016 00:00,0.0
29-Nov-2016 00:00,30-Nov-2016 00:00,0.0
30-Nov-2016 00:00,01-Dec-2016 00:00,0.0
01-Dec-2016 00:00,02-Dec-2016 00:00,0.0
02-Dec-2016 00:00,03-Dec-2016 00:00,0.0
03-Dec-2016 00:00,04-Dec-2016 00:00,0.0
04-Dec-2016 00:00,05-Dec-2016 00:00,0.0
05-Dec-2016 00:00,06-Dec-2016 00:00,0.0
06-Dec-2016 00:00,07-Dec-2016 00:00,0.0
07-Dec-2016 00:00,08-Dec-2016 00:00,0.0
08-Dec-2016 00:00,09-Dec-2016 00:00,0.0
09-Dec-2016 00:00,10-Dec-2016 00:00,0.0
10-Dec-2016 00:00,11-Dec-2016 00:00,0.0
11-Dec-2016 00:00,12-Dec-2016 00:00,0.0
12-Dec-2016 00:00,13-Dec-2016 00:00,0.0
13-Dec-2016 00:00,14-Dec-2016 00:00,0.0
14-Dec-2016 00:00,15-Dec-2016 00:00,0.0
15-Dec-2016 00:00,16-Dec-2016 00:00,0.0
16-Dec-2016 00:00,17-Dec-2016 00:00,0.0
17-Dec-2016 00:00,18-Dec-2016 00:00,0.0
18-Dec-2016 00:00,19-Dec-2016 00:00,0.0
19-Dec-2016 00:00,20-Dec-2016 00:00,0.0
20-Dec-2016 00:00,21-Dec-2016 00:00,0.0
21-Dec-2016 00:00,22-Dec-2016 00:00,0.0
22-Dec-2016 00:00,23-Dec-2016 00:00,0.0
23-Dec-2016 00:00,24-Dec-2016 00:00,0.0
24-Dec-2016 00:00,25-Dec-2016 00:00,0.0
25-Dec-2016 00:00,26-Dec-2016 00:00,88.0
26-Dec-2016 00:00,27-Dec-2016 00:00,26.0
27-Dec-2016 00:00,28-Dec-2016 00:00,92.0
28-Dec-2016 00:00,29-Dec-2016 00:00,1379.0
29-Dec-2016 00:00,30-Dec-2016 00:00,0.0
30-Dec-2016 00:00,31-Dec-2016 00:00,75.0
31-Dec-2016 00:00,01-Jan-2017 00:00,111.0
01-Jan-2017 00:00,02-Jan-2017 00:00,540.0
02-Jan-2017 00:00,03-Jan-2017 00:00,174.0
03-Jan-2017 00:00,04-Jan-2017 00:00,4425.0
04-Jan-2017 00:00,05-Jan-2017 00:00,8009.0
05-Jan-2017 00:00,06-Jan-2017 00:00,4445.0
06-Jan-2017 00:00,07-Jan-2017 00:00,8445.0
07-Jan-2017 00:00,08-Jan-2017 00:00,53.0
08-Jan-2017 00:00,09-Jan-2017 00:00,308.0
09-Jan-2017 00:00,10-Jan-2017 00:00,4776.0
10-Jan-2017 00:00,11-Jan-2017 00:00,4666.94653302004
11-Jan-2017 00:00,12-Jan-2017 00:00,2745.05346697996
12-Jan-2017 00:00,13-Jan-2017 00:00,6796.0
13-Jan-2017 00:00,14-Jan-2017 00:00,8016.0
14-Jan-2017 00:00,15-Jan-2017 00:00,2710.0
15-Jan-2017 00:00,16-Jan-2017 00:00,68.0
16-Jan-2017 00:00,17-Jan-2017 00:00,4332.0
17-Jan-2017 00:00,18-Jan-2017 00:00,4203.0
18-Jan-2017 00:00,19-Jan-2017 00:00,2417.0
19-Jan-2017 00:00,20-Jan-2017 00:00,7353.0
20-Jan-2017 00:00,21-Jan-2017 00:00,9743.0
21-Jan-2017 00:00,22-Jan-2017 00:00,6163.0
22-Jan-2017 00:00,23-Jan-2017 00:00,4383.0
23-Jan-2017 00:00,24-Jan-2017 00:00,3615.0
24-Jan-2017 00:00,25-Jan-2017 00:00,2636.0
25-Jan-2017 00:00,26-Jan-2017 00:00,3494.0
26-Jan-2017 00:00,27-Jan-2017 00:00,8633.0
27-Jan-2017 00:00,28-Jan-2017 00:00,6789.0
28-Jan-2017 00:00,29-Jan-2017 00:00,6287.0
29-Jan-2017 00:00,30-Jan-2017 00:00,106.0
30-Jan-2017 00:00,31-Jan-2017 00:00,6476.0
31-Jan-2017 00:00,01-Feb-2017 00:00,5534.0
01-Feb-2017 00:00,02-Feb-2017 00:00,2506.0
02-Feb-2017 00:00,03-Feb-2017 00:00,8005.0
03-Feb-2017 00:00,04-Feb-2017 00:00,3869.0
04-Feb-2017 00:00,05-Feb-2017 00:00,1644.0
05-Feb-2017 00:00,06-Feb-2017 00:00,45.0
06-Feb-2017 00:00,07-Feb-2017 00:00,5931.0
07-Feb-2017 00:00,08-Feb-2017 00:00,6885.0
08-Feb-2017 00:00,09-Feb-2017 00:00,2186.92588346988
09-Feb-2017 00:00,10-Feb-2017 00:00,8030.07411653012
10-Feb-2017 00:00,11-Feb-2017 00:00,9446.0
11-Feb-2017 00:00,12-Feb-2017 00:00,3491.0
12-Feb-2017 00:00,13-Feb-2017 00:00,13.0
13-Feb-2017 00:00,14-Feb-2017 00:00,2224.0
14-Feb-2017 00:00,15-Feb-2017 00:00,8324.0
15-Feb-2017 00:00,16-Feb-2017 00:00,10756.0
16-Feb-2017 00:00,17-Feb-2017 00:00,11597.0
17-Feb-2017 00:00,18-Feb-2017 00:00,3277.0
18-Feb-2017 00:00,19-Feb-2017 00:00,361.478769922228
19-Feb-2017 00:00,20-Feb-2017 00:00,652.521230077771
20-Feb-2017 00:00,21-Feb-2017 00:00,8328.0
21-Feb-2017 00:00,22-Feb-2017 00:00,132.0
22-Feb-2017 00:00,23-Feb-2017 00:00,4476.0
23-Feb-2017 00:00,24-Feb-2017 00:00,5295.0
24-Feb-2017 00:00,25-Feb-2017 00:00,7104.0
25-Feb-2017 00:00,26-Feb-2017 00:00,455.0
26-Feb-2017 00:00,27-Feb-2017 00:00,358.0
27-Feb-2017 00:00,28-Feb-2017 00:00,3159.0
28-Feb-2017 00:00,01-Mar-2017 00:00,3823.0
01-Mar-2017 00:00,02-Mar-2017 00:00,148.0
02-Mar-2017 00:00,03-Mar-2017 00:00,4786.0
03-Mar-2017 00:00,04-Mar-2017 00:00,4921.0
04-Mar-2017 00:00,05-Mar-2017 00:00,119.0
05-Mar-2017 00:00,06-Mar-2017 00:00,100.0
06-Mar-2017 00:00,07-Mar-2017 00:00,5795.0
07-Mar-2017 00:00,08-Mar-2017 00:00,4415.0
08-Mar-2017 00:00,09-Mar-2017 00:00,2296.0
09-Mar-2017 00:00,10-Mar-2017 00:00,5313.0
10-Mar-2017 00:00,11-Mar-2017 00:00,6961.0
11-Mar-2017 00:00,12-Mar-2017 00:00,127.0
12-Mar-2017 00:00,13-Mar-2017 00:00,93.0
13-Mar-2017 00:00,14-Mar-2017 00:00,7571.0
14-Mar-2017 00:00,15-Mar-2017 00:00,4506.0
15-Mar-2017 00:00,16-Mar-2017 00:00,2365.0
16-Mar-2017 00:00,17-Mar-2017 00:00,6896.0
17-Mar-2017 00:00,18-Mar-2017 00:00,4083.0
18-Mar-2017 00:00,19-Mar-2017 00:00,5725.0
19-Mar-2017 00:00,20-Mar-2017 00:00,2332.0
20-Mar-2017 00:00,21-Mar-2017 00:00,5931.0
21-Mar-2017 00:00,22-Mar-2017 00:00,6036.0
22-Mar-2017 00:00,23-Mar-2017 00:00,269.0
23-Mar-2017 00:00,24-Mar-2017 00:00,5095.0
24-Mar-2017 00:00,25-Mar-2017 00:00,4374.0
25-Mar-2017 00:00,26-Mar-2017 00:00,23.0
26-Mar-2017 00:00,27-Mar-2017 00:00,136.315047614075
27-Mar-2017 00:00,28-Mar-2017 00:00,5730.68495238593
28-Mar-2017 00:00,29-Mar-2017 00:00,3643.0
29-Mar-2017 00:00,30-Mar-2017 00:00,2881.0
30-Mar-2017 00:00,31-Mar-2017 00:00,7111.0
31-Mar-2017 00:00,01-Apr-2017 00:00,3300.0
01-Apr-2017 00:00,02-Apr-2017 00:00,91.0
02-Apr-2017 00:00,03-Apr-2017 00:00,327.0
03-Apr-2017 00:00,04-Apr-2017 00:00,5870.0
04-Apr-2017 00:00,05-Apr-2017 00:00,8693.0
05-Apr-2017 00:00,06-Apr-2017 00:00,3617.0
06-Apr-2017 00:00,07-Apr-2017 00:00,5731.0
07-Apr-2017 00:00,08-Apr-2017 00:00,6432.0
08-Apr-2017 00:00,09-Apr-2017 00:00,1370.0
09-Apr-2017 00:00,10-Apr-2017 00:00,229.0
10-Apr-2017 00:00,11-Apr-2017 00:00,136.0
11-Apr-2017 00:00,12-Apr-2017 00:00,4013.0
12-Apr-2017 00:00,13-Apr-2017 00:00,4406.0
13-Apr-2017 00:00,14-Apr-2017 00:00,104.0
14-Apr-2017 00:00,15-Apr-2017 00:00,8908.0
15-Apr-2017 00:00,16-Apr-2017 00:00,8967.0
16-Apr-2017 00:00,17-Apr-2017 00:00,8180.0
17-Apr-2017 00:00,18-Apr-2017 00:00,116.0
18-Apr-2017 00:00,19-Apr-2017 00:00,170.0
19-Apr-2017 00:00,20-Apr-2017 00:00,498.0
20-Apr-2017 00:00,21-Apr-2017 00:00,3350.0
21-Apr-2017 00:00,22-Apr-2017 00:00,3486.0
22-Apr-2017 00:00,23-Apr-2017 00:00,136.0
23-Apr-2017 00:00,24-Apr-2017 00:00,205.0
24-Apr-2017 00:00,25-Apr-2017 00:00,7453.0
25-Apr-2017 00:00,26-Apr-2017 00:00,6007.0
26-Apr-2017 00:00,27-Apr-2017 00:00,9178.0
27-Apr-2017 00:00,28-Apr-2017 00:00,3797.0
28-Apr-2017 00:00,29-Apr-2017 00:00,5863.0
29-Apr-2017 00:00,30-Apr-2017 00:00,3676.0
30-Apr-2017 00:00,01-May-2017 00:00,1422.0
01-May-2017 00:00,02-May-2017 00:00,527.0
02-May-2017 00:00,03-May-2017 00:00,4953.0
03-May-2017 00:00,04-May-2017 00:00,6415.0
04-May-2017 00:00,05-May-2017 00:00,5293.0
05-May-2017 00:00,06-May-2017 00:00,5656.0
06-May-2017 00:00,07-May-2017 00:00,10962.0
07-May-2017 00:00,08-May-2017 00:00,140.0
08-May-2017 00:00,09-May-2017 00:00,235.0
09-May-2017 00:00,10-May-2017 00:00,4421.0
10-May-2017 00:00,11-May-2017 00:00,7959.0
11-May-2017 00:00,12-May-2017 00:00,4810.0
12-May-2017 00:00,13-May-2017 00:00,4080.0
13-May-2017 00:00,14-May-2017 00:00,15817.0
14-May-2017 00:00,15-May-2017 00:00,100.686573183186
15-May-2017 00:00,16-May-2017 00:00,11917.3134268168
16-May-2017 00:00,17-May-2017 00:00,3772.0
17-May-2017 00:00,18-May-2017 00:00,16887.0
18-May-2017 00:00,19-May-2017 00:00,7043.0
19-May-2017 00:00,20-May-2017 00:00,2224.0
20-May-2017 00:00,21-May-2017 00:00,174.0
21-May-2017 00:00,22-May-2017 00:00,151.0
22-May-2017 00:00,23-May-2017 00:00,1798.0
23-May-2017 00:00,24-May-2017 00:00,2188.0
24-May-2017 00:00,25-May-2017 00:00,3318.0
25-May-2017 00:00,26-May-2017 00:00,95.0
26-May-2017 00:00,27-May-2017 00:00,30.0
27-May-2017 00:00,28-May-2017 00:00,58.0
28-May-2017 00:00,29-May-2017 00:00,589.0
29-May-2017 00:00,30-May-2017 00:00,2655.0
30-May-2017 00:00,31-May-2017 00:00,2149.0
31-May-2017 00:00,01-Jun-2017 00:00,1551.0
01-Jun-2017 00:00,02-Jun-2017 00:00,2996.0
02-Jun-2017 00:00,03-Jun-2017 00:00,2038.0
03-Jun-2017 00:00,04-Jun-2017 00:00,606.0
04-Jun-2017 00:00,05-Jun-2017 00:00,30.0
05-Jun-2017 00:00,06-Jun-2017 00:00,28.0
06-Jun-2017 00:00,07-Jun-2017 00:00,2794.0
07-Jun-2017 00:00,08-Jun-2017 00:00,1695.0
08-Jun-2017 00:00,09-Jun-2017 00:00,2300.0
09-Jun-2017 00:00,10-Jun-2017 00:00,2948.0
10-Jun-2017 00:00,11-Jun-2017 00:00,4275.0
11-Jun-2017 00:00,12-Jun-2017 00:00,141.0
12-Jun-2017 00:00,13-Jun-2017 00:00,64.0
13-Jun-2017 00:00,14-Jun-2017 00:00,81.0
14-Jun-2017 00:00,15-Jun-2017 00:00,67.0
15-Jun-2017 00:00,16-Jun-2017 00:00,625.0
16-Jun-2017 00:00,17-Jun-2017 00:00,331.0
17-Jun-2017 00:00,18-Jun-2017 00:00,2103.0
18-Jun-2017 00:00,19-Jun-2017 00:00,43.0
19-Jun-2017 00:00,20-Jun-2017 00:00,218.0
20-Jun-2017 00:00,21-Jun-2017 00:00,117.0
21-Jun-2017 00:00,22-Jun-2017 00:00,184.0
22-Jun-2017 00:00,23-Jun-2017 00:00,124.0
23-Jun-2017 00:00,24-Jun-2017 00:00,2895.0
24-Jun-2017 00:00,25-Jun-2017 00:00,45.0
25-Jun-2017 00:00,26-Jun-2017 00:00,284.0
26-Jun-2017 00:00,27-Jun-2017 00:00,109.0
27-Jun-2017 00:00,28-Jun-2017 00:00,1516.0
28-Jun-2017 00:00,29-Jun-2017 00:00,2816.0
29-Jun-2017 00:00,30-Jun-2017 00:00,94.0
30-Jun-2017 00:00,01-Jul-2017 00:00,634.0
01-Jul-2017 00:00,02-Jul-2017 00:00,21.0
02-Jul-2017 00:00,03-Jul-2017 00:00,179.0
03-Jul-2017 00:00,04-Jul-2017 00:00,2770.0
04-Jul-2017 00:00,05-Jul-2017 00:00,7494.0
05-Jul-2017 00:00,06-Jul-2017 00:00,3808.0
06-Jul-2017 00:00,07-Jul-2017 00:00,2585.56343313805
07-Jul-2017 00:00,08-Jul-2017 00:00,780.436566861952
08-Jul-2017 00:00,09-Jul-2017 00:00,2006.0
09-Jul-2017 00:00,10-Jul-2017 00:00,4345.0
10-Jul-2017 00:00,11-Jul-2017 00:00,5384.0
11-Jul-2017 00:00,12-Jul-2017 00:00,2549.0
12-Jul-2017 00:00,13-Jul-2017 00:00,2539.0
13-Jul-2017 00:00,14-Jul-2017 00:00,1698.0
14-Jul-2017 00:00,15-Jul-2017 00:00,8.0
15-Jul-2017 00:00,16-Jul-2017 00:00,7760.0
16-Jul-2017 00:00,17-Jul-2017 00:00,2780.0
17-Jul-2017 00:00,18-Jul-2017 00:00,5699.0
18-Jul-2017 00:00,19-Jul-2017 00:00,6690.0
19-Jul-2017 00:00,20-Jul-2017 00:00,16390.5826125545
20-Jul-2017 00:00,21-Jul-2017 00:00,19274.1626754369
21-Jul-2017 00:00,22-Jul-2017 00:00,16502.2547120087
22-Jul-2017 00:00,23-Jul-2017 00:00,18495.4794388151
23-Jul-2017 00:00,24-Jul-2017 00:00,16231.5205611849
24-Jul-2017 00:00,25-Jul-2017 00:00,17288.0
25-Jul-2017 00:00,26-Jul-2017 00:00,13941.0
26-Jul-2017 00:00,27-Jul-2017 00:00,5767.20615448008
27-Jul-2017 00:00,28-Jul-2017 00:00,1343.79384551992
28-Jul-2017 00:00,29-Jul-2017 00:00,1635.0
29-Jul-2017 00:00,30-Jul-2017 00:00,104.0
30-Jul-2017 00:00,31-Jul-2017 00:00,6517.0
31-Jul-2017 00:00,01-Aug-2017 00:00,245.0
01-Aug-2017 00:00,02-Aug-2017 00:00,107.0
02-Aug-2017 00:00,03-Aug-2017 00:00,10402.0
03-Aug-2017 00:00,04-Aug-2017 00:00,316.0
04-Aug-2017 00:00,05-Aug-2017 00:00,175.0
05-Aug-2017 00:00,06-Aug-2017 00:00,57.1551219428741
06-Aug-2017 00:00,07-Aug-2017 00:00,36.8448780571259
07-Aug-2017 00:00,08-Aug-2017 00:00,227.0
08-Aug-2017 00:00,09-Aug-2017 00:00,342.0
09-Aug-2017 00:00,10-Aug-2017 00:00,231.0
10-Aug-2017 00:00,11-Aug-2017 00:00,128.0
11-Aug-2017 00:00,12-Aug-2017 00:00,241.0
12-Aug-2017 00:00,13-Aug-2017 00:00,233.0
13-Aug-2017 00:00,14-Aug-2017 00:00,92.0
14-Aug-2017 00:00,15-Aug-2017 00:00,6746.8007524654
15-Aug-2017 00:00,16-Aug-2017 00:00,1995.1992475346
16-Aug-2017 00:00,17-Aug-2017 00:00,5137.0
17-Aug-2017 00:00,18-Aug-2017 00:00,161.0
18-Aug-2017 00:00,19-Aug-2017 00:00,51.0
19-Aug-2017 00:00,20-Aug-2017 00:00,3133.0
20-Aug-2017 00:00,21-Aug-2017 00:00,85.0
21-Aug-2017 00:00,22-Aug-2017 00:00,272.0
22-Aug-2017 00:00,23-Aug-2017 00:00,7401.0
23-Aug-2017 00:00,24-Aug-2017 00:00,1621.0
24-Aug-2017 00:00,25-Aug-2017 00:00,14776.2757585479
25-Aug-2017 00:00,26-Aug-2017 00:00,179.724241452149
26-Aug-2017 00:00,27-Aug-2017 00:00,44.0
27-Aug-2017 00:00,28-Aug-2017 00:00,36.0
28-Aug-2017 00:00,29-Aug-2017 00:00,454.0
29-Aug-2017 00:00,30-Aug-2017 00:00,232.0
30-Aug-2017 00:00,31-Aug-2017 00:00,6472.19001849113
31-Aug-2017 00:00,01-Sep-2017 00:00,8002.80998150887
01-Sep-2017 00:00,02-Sep-2017 00:00,79.0
02-Sep-2017 00:00,03-Sep-2017 00:00,36.0
03-Sep-2017 00:00,04-Sep-2017 00:00,329.0
04-Sep-2017 00:00,05-Sep-2017 00:00,6977.0
05-Sep-2017 00:00,06-Sep-2017 00:00,5987.0
06-Sep-2017 00:00,07-Sep-2017 00:00,112.0
07-Sep-2017 00:00,08-Sep-2017 00:00,5119.0
08-Sep-2017 00:00,09-Sep-2017 00:00,6566.0
09-Sep-2017 00:00,10-Sep-2017 00:00,49.0
10-Sep-2017 00:00,11-Sep-2017 00:00,33.0
11-Sep-2017 00:00,12-Sep-2017 00:00,6115.95465794715
12-Sep-2017 00:00,13-Sep-2017 00:00,5904.04534205285
13-Sep-2017 00:00,14-Sep-2017 00:00,2499.0
14-Sep-2017 00:00,15-Sep-2017 00:00,5737.0
15-Sep-2017 00:00,16-Sep-2017 00:00,5366.0
16-Sep-2017 00:00,17-Sep-2017 00:00,823.0
17-Sep-2017 00:00,18-Sep-2017 00:00,3841.0
18-Sep-2017 00:00,19-Sep-2017 00:00,4482.0
19-Sep-2017 00:00,20-Sep-2017 00:00,5848.0
20-Sep-2017 00:00,21-Sep-2017 00:00,6616.0
21-Sep-2017 00:00,22-Sep-2017 00:00,5053.0
22-Sep-2017 00:00,23-Sep-2017 00:00,5461.97848788606
23-Sep-2017 00:00,24-Sep-2017 00:00,3594.02151211394
24-Sep-2017 00:00,25-Sep-2017 00:00,149.0
25-Sep-2017 00:00,26-Sep-2017 00:00,7238.0
26-Sep-2017 00:00,27-Sep-2017 00:00,5682.15327434508
27-Sep-2017 00:00,28-Sep-2017 00:00,2352.84672565492
28-Sep-2017 00:00,29-Sep-2017 00:00,4717.0
29-Sep-2017 00:00,30-Sep-2017 00:00,8267.0
30-Sep-2017 00:00,01-Oct-2017 00:00,4111.05120162327
01-Oct-2017 00:00,02-Oct-2017 00:00,719.948798376727
02-Oct-2017 00:00,03-Oct-2017 00:00,5596.0
03-Oct-2017 00:00,04-Oct-2017 00:00,4961.0
04-Oct-2017 00:00,05-Oct-2017 00:00,11469.0
05-Oct-2017 00:00,06-Oct-2017 00:00,26298.0
06-Oct-2017 00:00,07-Oct-2017 00:00,6524.0
07-Oct-2017 00:00,08-Oct-2017 00:00,185.0
08-Oct-2017 00:00,09-Oct-2017 00:00,163.0
09-Oct-2017 00:00,10-Oct-2017 00:00,6714.0
10-Oct-2017 00:00,11-Oct-2017 00:00,2783.0
11-Oct-2017 00:00,12-Oct-2017 00:00,3608.0
12-Oct-2017 00:00,13-Oct-2017 00:00,5435.0
13-Oct-2017 00:00,14-Oct-2017 00:00,5512.0
14-Oct-2017 00:00,15-Oct-2017 00:00,7358.0
15-Oct-2017 00:00,16-Oct-2017 00:00,146.0
16-Oct-2017 00:00,17-Oct-2017 00:00,6224.0
17-Oct-2017 00:00,18-Oct-2017 00:00,4018.0
18-Oct-2017 00:00,19-Oct-2017 00:00,2853.0
19-Oct-2017 00:00,20-Oct-2017 00:00,7368.77159348442
20-Oct-2017 00:00,21-Oct-2017 00:00,4681.22840651558
21-Oct-2017 00:00,22-Oct-2017 00:00,78.0
22-Oct-2017 00:00,23-Oct-2017 00:00,5130.0
23-Oct-2017 00:00,24-Oct-2017 00:00,1655.0
24-Oct-2017 00:00,25-Oct-2017 00:00,1909.0
25-Oct-2017 00:00,26-Oct-2017 00:00,11580.0
26-Oct-2017 00:00,27-Oct-2017 00:00,39.0
27-Oct-2017 00:00,28-Oct-2017 00:00,1513.0
28-Oct-2017 00:00,29-Oct-2017 00:00,47.0
29-Oct-2017 00:00,30-Oct-2017 00:00,72.0
30-Oct-2017 00:00,31-Oct-2017 00:00,6105.0
31-Oct-2017 00:00,01-Nov-2017 00:00,7293.0
01-Nov-2017 00:00,02-Nov-2017 00:00,1110.0
02-Nov-2017 00:00,03-Nov-2017 00:00,6033.0
03-Nov-2017 00:00,04-Nov-2017 00:00,3796.0
04-Nov-2017 00:00,05-Nov-2017 00:00,52.0
05-Nov-2017 00:00,06-Nov-2017 00:00,161.280892796611
06-Nov-2017 00:00,07-Nov-2017 00:00,5447.71910720339
07-Nov-2017 00:00,08-Nov-2017 00:00,6257.0
08-Nov-2017 00:00,09-Nov-2017 00:00,2090.0
09-Nov-2017 00:00,10-Nov-2017 00:00,5627.0
10-Nov-2017 00:00,11-Nov-2017 00:00,4566.0
11-Nov-2017 00:00,12-Nov-2017 00:00,87.0
12-Nov-2017 00:00,13-Nov-2017 00:00,196.0
13-Nov-2017 00:00,14-Nov-2017 00:00,5623.0
14-Nov-2017 00:00,15-Nov-2017 00:00,5089.0
15-Nov-2017 00:00,16-Nov-2017 00:00,3263.0
16-Nov-2017 00:00,17-Nov-2017 00:00,3902.0
17-Nov-2017 00:00,18-Nov-2017 00:00,7307.0
18-Nov-2017 00:00,19-Nov-2017 00:00,1715.0
19-Nov-2017 00:00,20-Nov-2017 00:00,343.0
20-Nov-2017 00:00,21-Nov-2017 00:00,5569.0
21-Nov-2017 00:00,22-Nov-2017 00:00,5481.0
22-Nov-2017 00:00,23-Nov-2017 00:00,2044.0
23-Nov-2017 00:00,24-Nov-2017 00:00,4445.0
24-Nov-2017 00:00,25-Nov-2017 00:00,6884.0
25-Nov-2017 00:00,26-Nov-2017 00:00,10950.0
26-Nov-2017 00:00,27-Nov-2017 00:00,227.0
27-Nov-2017 00:00,28-Nov-2017 00:00,6406.0
28-Nov-2017 00:00,29-Nov-2017 00:00,5007.0
29-Nov-2017 00:00,30-Nov-2017 00:00,2426.0
30-Nov-2017 00:00,01-Dec-2017 00:00,4912.0
01-Dec-2017 00:00,02-Dec-2017 00:00,6170.0
02-Dec-2017 00:00,03-Dec-2017 00:00,2495.0
03-Dec-2017 00:00,04-Dec-2017 00:00,221.0
04-Dec-2017 00:00,05-Dec-2017 00:00,4816.0
05-Dec-2017 00:00,06-Dec-2017 00:00,6865.0
06-Dec-2017 00:00,07-Dec-2017 00:00,2386.0
07-Dec-2017 00:00,08-Dec-2017 00:00,6793.0
08-Dec-2017 00:00,09-Dec-2017 00:00,4717.0
09-Dec-2017 00:00,10-Dec-2017 00:00,37.0
10-Dec-2017 00:00,11-Dec-2017 00:00,257.0
11-Dec-2017 00:00,12-Dec-2017 00:00,6630.0
12-Dec-2017 00:00,13-Dec-2017 00:00,9686.0
13-Dec-2017 00:00,14-Dec-2017 00:00,2506.0
14-Dec-2017 00:00,15-Dec-2017 00:00,4024.0
15-Dec-2017 00:00,16-Dec-2017 00:00,5691.0
16-Dec-2017 00:00,17-Dec-2017 00:00,103.0
17-Dec-2017 00:00,18-Dec-2017 00:00,178.0
18-Dec-2017 00:00,19-Dec-2017 00:00,7723.0
19-Dec-2017 00:00,20-Dec-2017 00:00,5475.0
20-Dec-2017 00:00,21-Dec-2017 00:00,2139.0
21-Dec-2017 00:00,22-Dec-2017 00:00,3145.0
22-Dec-2017 00:00,23-Dec-2017 00:00,1862.0
23-Dec-2017 00:00,24-Dec-2017 00:00,879.0
24-Dec-2017 00:00,25-Dec-2017 00:00,2338.0
25-Dec-2017 00:00,26-Dec-2017 00:00,529.250448967973
26-Dec-2017 00:00,27-Dec-2017 00:00,290.479780188085
27-Dec-2017 00:00,28-Dec-2017 00:00,8544.26977084394
28-Dec-2017 00:00,29-Dec-2017 00:00,39.0
29-Dec-2017 00:00,30-Dec-2017 00:00,84.0
30-Dec-2017 00:00,31-Dec-2017 00:00,15.0
31-Dec-2017 00:00,01-Jan-2018 00:00,204.705235262838
01-Jan-2018 00:00,02-Jan-2018 00:00,2184.29476473716
02-Jan-2018 00:00,03-Jan-2018 00:00,122.0
03-Jan-2018 00:00,04-Jan-2018 00:00,5486.0
04-Jan-2018 00:00,05-Jan-2018 00:00,300.013748380398
05-Jan-2018 00:00,06-Jan-2018 00:00,44.9862516196019
06-Jan-2018 00:00,07-Jan-2018 00:00,28.0
07-Jan-2018 00:00,08-Jan-2018 00:00,0.0
08-Jan-2018 00:00,09-Jan-2018 00:00,5602.0
09-Jan-2018 00:00,10-Jan-2018 00:00,5681.0
10-Jan-2018 00:00,11-Jan-2018 00:00,2586.0
11-Jan-2018 00:00,12-Jan-2018 00:00,4710.0
12-Jan-2018 00:00,13-Jan-2018 00:00,5792.0
13-Jan-2018 00:00,14-Jan-2018 00:00,81.0
14-Jan-2018 00:00,15-Jan-2018 00:00,137.0
15-Jan-2018 00:00,16-Jan-2018 00:00,5136.0
16-Jan-2018 00:00,17-Jan-2018 00:00,6039.0
17-Jan-2018 00:00,18-Jan-2018 00:00,2093.0
18-Jan-2018 00:00,19-Jan-2018 00:00,7832.0
19-Jan-2018 00:00,20-Jan-2018 00:00,7409.0
20-Jan-2018 00:00,21-Jan-2018 00:00,2135.0
21-Jan-2018 00:00,22-Jan-2018 00:00,6302.0
22-Jan-2018 00:00,23-Jan-2018 00:00,5369.0
23-Jan-2018 00:00,24-Jan-2018 00:00,5506.0
24-Jan-2018 00:00,25-Jan-2018 00:00,2460.0
25-Jan-2018 00:00,26-Jan-2018 00:00,4155.0
26-Jan-2018 00:00,27-Jan-2018 00:00,1802.0
27-Jan-2018 00:00,28-Jan-2018 00:00,1474.0
28-Jan-2018 00:00,29-Jan-2018 00:00,1539.0
29-Jan-2018 00:00,30-Jan-2018 00:00,5344.0
30-Jan-2018 00:00,31-Jan-2018 00:00,6790.0
31-Jan-2018 00:00,01-Feb-2018 00:00,2556.0
01-Feb-2018 00:00,02-Feb-2018 00:00,5343.0
02-Feb-2018 00:00,03-Feb-2018 00:00,5190.0
03-Feb-2018 00:00,04-Feb-2018 00:00,2037.0
04-Feb-2018 00:00,05-Feb-2018 00:00,45.0
05-Feb-2018 00:00,06-Feb-2018 00:00,4316.0
06-Feb-2018 00:00,07-Feb-2018 00:00,6073.0
07-Feb-2018 00:00,08-Feb-2018 00:00,3572.0
08-Feb-2018 00:00,09-Feb-2018 00:00,4344.0
09-Feb-2018 00:00,10-Feb-2018 00:00,5125.0
10-Feb-2018 00:00,11-Feb-2018 00:00,99.0
11-Feb-2018 00:00,12-Feb-2018 00:00,2089.0
12-Feb-2018 00:00,13-Feb-2018 00:00,4269.0
13-Feb-2018 00:00,14-Feb-2018 00:00,4638.0
14-Feb-2018 00:00,15-Feb-2018 00:00,1989.0
15-Feb-2018 00:00,16-Feb-2018 00:00,4565.0
16-Feb-2018 00:00,17-Feb-2018 00:00,4616.0
17-Feb-2018 00:00,18-Feb-2018 00:00,1486.0
18-Feb-2018 00:00,19-Feb-2018 00:00,188.0
19-Feb-2018 00:00,20-Feb-2018 00:00,5413.0
20-Feb-2018 00:00,21-Feb-2018 00:00,4768.0
21-Feb-2018 00:00,22-Feb-2018 00:00,3577.8240192669
22-Feb-2018 00:00,23-Feb-2018 00:00,9501.1759807331
23-Feb-2018 00:00,24-Feb-2018 00:00,4146.0
24-Feb-2018 00:00,25-Feb-2018 00:00,164.0
25-Feb-2018 00:00,26-Feb-2018 00:00,223.0
26-Feb-2018 00:00,27-Feb-2018 00:00,264.0
27-Feb-2018 00:00,28-Feb-2018 00:00,1432.0
28-Feb-2018 00:00,01-Mar-2018 00:00,230.0
01-Mar-2018 00:00,02-Mar-2018 00:00,154.0
02-Mar-2018 00:00,03-Mar-2018 00:00,58.0
03-Mar-2018 00:00,04-Mar-2018 00:00,12948.0
04-Mar-2018 00:00,05-Mar-2018 00:00,4296.0
05-Mar-2018 00:00,06-Mar-2018 00:00,112.0
06-Mar-2018 00:00,07-Mar-2018 00:00,46.0
07-Mar-2018 00:00,08-Mar-2018 00:00,134.0
08-Mar-2018 00:00,09-Mar-2018 00:00,281.0
09-Mar-2018 00:00,10-Mar-2018 00:00,871.0
10-Mar-2018 00:00,11-Mar-2018 00:00,11.0
11-Mar-2018 00:00,12-Mar-2018 00:00,207.722206911669
12-Mar-2018 00:00,13-Mar-2018 00:00,4844.27779308833
13-Mar-2018 00:00,14-Mar-2018 00:00,5475.0
14-Mar-2018 00:00,15-Mar-2018 00:00,6808.0
15-Mar-2018 00:00,16-Mar-2018 00:00,3189.0
16-Mar-2018 00:00,17-Mar-2018 00:00,3453.0
17-Mar-2018 00:00,18-Mar-2018 00:00,19.0
18-Mar-2018 00:00,19-Mar-2018 00:00,245.0
19-Mar-2018 00:00,20-Mar-2018 00:00,3889.0
20-Mar-2018 00:00,21-Mar-2018 00:00,5087.82394556508
21-Mar-2018 00:00,22-Mar-2018 00:00,1431.17605443492
22-Mar-2018 00:00,23-Mar-2018 00:00,7141.0
23-Mar-2018 00:00,24-Mar-2018 00:00,4678.0
24-Mar-2018 00:00,25-Mar-2018 00:00,2729.0
25-Mar-2018 00:00,26-Mar-2018 00:00,211.0
26-Mar-2018 00:00,27-Mar-2018 00:00,7066.0
27-Mar-2018 00:00,28-Mar-2018 00:00,11427.0
28-Mar-2018 00:00,29-Mar-2018 00:00,2381.0
29-Mar-2018 00:00,30-Mar-2018 00:00,5964.0
30-Mar-2018 00:00,31-Mar-2018 00:00,9241.0
31-Mar-2018 00:00,01-Apr-2018 00:00,2982.0
01-Apr-2018 00:00,02-Apr-2018 00:00,655.0
02-Apr-2018 00:00,03-Apr-2018 00:00,4196.0
03-Apr-2018 00:00,04-Apr-2018 00:00,3846.90657672488
04-Apr-2018 00:00,05-Apr-2018 00:00,2305.09342327512
05-Apr-2018 00:00,06-Apr-2018 00:00,5056.0
06-Apr-2018 00:00,07-Apr-2018 00:00,4992.0
07-Apr-2018 00:00,08-Apr-2018 00:00,1495.0
08-Apr-2018 00:00,09-Apr-2018 00:00,239.0
09-Apr-2018 00:00,10-Apr-2018 00:00,5579.0
10-Apr-2018 00:00,11-Apr-2018 00:00,4967.0
11-Apr-2018 00:00,12-Apr-2018 00:00,3405.0
12-Apr-2018 00:00,13-Apr-2018 00:00,7299.0
13-Apr-2018 00:00,14-Apr-2018 00:00,4684.0
14-Apr-2018 00:00,15-Apr-2018 00:00,11264.0
15-Apr-2018 00:00,16-Apr-2018 00:00,208.0
16-Apr-2018 00:00,17-Apr-2018 00:00,6197.0
17-Apr-2018 00:00,18-Apr-2018 00:00,4913.0
18-Apr-2018 00:00,19-Apr-2018 00:00,2858.0
19-Apr-2018 00:00,20-Apr-2018 00:00,6877.0
20-Apr-2018 00:00,21-Apr-2018 00:00,4397.0
21-Apr-2018 00:00,22-Apr-2018 00:00,1532.0
22-Apr-2018 00:00,23-Apr-2018 00:00,686.0
23-Apr-2018 00:00,24-Apr-2018 00:00,103.0
24-Apr-2018 00:00,25-Apr-2018 00:00,8751.0
25-Apr-2018 00:00,26-Apr-2018 00:00,250.0
26-Apr-2018 00:00,27-Apr-2018 00:00,86.0
27-Apr-2018 00:00,28-Apr-2018 00:00,144.0
28-Apr-2018 00:00,29-Apr-2018 00:00,30.0
29-Apr-2018 00:00,30-Apr-2018 00:00,2718.47331923983
30-Apr-2018 00:00,01-May-2018 00:00,6159.52668076017
01-May-2018 00:00,02-May-2018 00:00,28.0
02-May-2018 00:00,03-May-2018 00:00,173.0
03-May-2018 00:00,04-May-2018 00:00,3708.0
04-May-2018 00:00,05-May-2018 00:00,2759.0
05-May-2018 00:00,06-May-2018 00:00,54.0
06-May-2018 00:00,07-May-2018 00:00,192.0
07-May-2018 00:00,08-May-2018 00:00,5075.0
08-May-2018 00:00,09-May-2018 00:00,2609.0
09-May-2018 00:00,10-May-2018 00:00,2161.0
10-May-2018 00:00,11-May-2018 00:00,65.0
11-May-2018 00:00,12-May-2018 00:00,6978.0
12-May-2018 00:00,13-May-2018 00:00,8304.0
13-May-2018 00:00,14-May-2018 00:00,494.0
14-May-2018 00:00,15-May-2018 00:00,5720.0
15-May-2018 00:00,16-May-2018 00:00,4319.0
16-May-2018 00:00,17-May-2018 00:00,2348.0
17-May-2018 00:00,18-May-2018 00:00,6036.0
18-May-2018 00:00,19-May-2018 00:00,5852.0
19-May-2018 00:00,20-May-2018 00:00,1513.0
20-May-2018 00:00,21-May-2018 00:00,79.0
21-May-2018 00:00,22-May-2018 00:00,78.0
22-May-2018 00:00,23-May-2018 00:00,5498.0
23-May-2018 00:00,24-May-2018 00:00,5877.0
24-May-2018 00:00,25-May-2018 00:00,4371.0
25-May-2018 00:00,26-May-2018 00:00,4121.0
26-May-2018 00:00,27-May-2018 00:00,158.0
27-May-2018 00:00,28-May-2018 00:00,73.0
28-May-2018 00:00,29-May-2018 00:00,5082.0
29-May-2018 00:00,30-May-2018 00:00,5937.0
30-May-2018 00:00,31-May-2018 00:00,2198.0
31-May-2018 00:00,01-Jun-2018 00:00,4051.0
01-Jun-2018 00:00,02-Jun-2018 00:00,8212.0
02-Jun-2018 00:00,03-Jun-2018 00:00,31.0
03-Jun-2018 00:00,04-Jun-2018 00:00,41.0
04-Jun-2018 00:00,05-Jun-2018 00:00,5633.0
05-Jun-2018 00:00,06-Jun-2018 00:00,2086.0
06-Jun-2018 00:00,07-Jun-2018 00:00,5088.0
07-Jun-2018 00:00,08-Jun-2018 00:00,3275.0
08-Jun-2018 00:00,09-Jun-2018 00:00,10830.0
09-Jun-2018 00:00,10-Jun-2018 00:00,8393.0
10-Jun-2018 00:00,11-Jun-2018 00:00,44.0
11-Jun-2018 00:00,12-Jun-2018 00:00,4720.0
12-Jun-2018 00:00,13-Jun-2018 00:00,394.0
13-Jun-2018 00:00,14-Jun-2018 00:00,8019.0
14-Jun-2018 00:00,15-Jun-2018 00:00,4949.0
15-Jun-2018 00:00,16-Jun-2018 00:00,2146.0
16-Jun-2018 00:00,17-Jun-2018 00:00,3693.0
17-Jun-2018 00:00,18-Jun-2018 00:00,73.0
18-Jun-2018 00:00,19-Jun-2018 00:00,4242.0
19-Jun-2018 00:00,20-Jun-2018 00:00,1950.0
20-Jun-2018 00:00,21-Jun-2018 00:00,1699.0
21-Jun-2018 00:00,22-Jun-2018 00:00,4972.0
22-Jun-2018 00:00,23-Jun-2018 00:00,4005.0
23-Jun-2018 00:00,24-Jun-2018 00:00,4.0
24-Jun-2018 00:00,25-Jun-2018 00:00,324.0
25-Jun-2018 00:00,26-Jun-2018 00:00,2761.0
26-Jun-2018 00:00,27-Jun-2018 00:00,7108.96470200106
27-Jun-2018 00:00,28-Jun-2018 00:00,306.035297998936
28-Jun-2018 00:00,29-Jun-2018 00:00,3747.0
29-Jun-2018 00:00,30-Jun-2018 00:00,6379.0
30-Jun-2018 00:00,01-Jul-2018 00:00,3645.0
01-Jul-2018 00:00,02-Jul-2018 00:00,2809.0
02-Jul-2018 00:00,03-Jul-2018 00:00,5090.0
03-Jul-2018 00:00,04-Jul-2018 00:00,4995.0
04-Jul-2018 00:00,05-Jul-2018 00:00,4059.0
05-Jul-2018 00:00,06-Jul-2018 00:00,2479.0
06-Jul-2018 00:00,07-Jul-2018 00:00,10604.0
07-Jul-2018 00:00,08-Jul-2018 00:00,13733.0
08-Jul-2018 00:00,09-Jul-2018 00:00,4042.0
09-Jul-2018 00:00,10-Jul-2018 00:00,9753.0
10-Jul-2018 00:00,11-Jul-2018 00:00,9846.0
11-Jul-2018 00:00,12-Jul-2018 00:00,7212.0
12-Jul-2018 00:00,13-Jul-2018 00:00,2363.0
13-Jul-2018 00:00,14-Jul-2018 00:00,5180.0
14-Jul-2018 00:00,15-Jul-2018 00:00,16.0
15-Jul-2018 00:00,16-Jul-2018 00:00,3860.0
16-Jul-2018 00:00,17-Jul-2018 00:00,119.0
17-Jul-2018 00:00,18-Jul-2018 00:00,12250.0
18-Jul-2018 00:00,19-Jul-2018 00:00,3969.0
19-Jul-2018 00:00,20-Jul-2018 00:00,12217.0
20-Jul-2018 00:00,21-Jul-2018 00:00,4014.88494103049
21-Jul-2018 00:00,22-Jul-2018 00:00,4841.13480614112
22-Jul-2018 00:00,23-Jul-2018 00:00,9732.98025282839
23-Jul-2018 00:00,24-Jul-2018 00:00,23046.0
24-Jul-2018 00:00,25-Jul-2018 00:00,23354.0
25-Jul-2018 00:00,26-Jul-2018 00:00,21681.124586463
26-Jul-2018 00:00,27-Jul-2018 00:00,13358.875413537
27-Jul-2018 00:00,28-Jul-2018 00:00,13426.0036535856
28-Jul-2018 00:00,29-Jul-2018 00:00,15096.9963464144
29-Jul-2018 00:00,30-Jul-2018 00:00,18835.0
30-Jul-2018 00:00,31-Jul-2018 00:00,2822.0
31-Jul-2018 00:00,01-Aug-2018 00:00,4249.0
01-Aug-2018 00:00,02-Aug-2018 00:00,14967.0
02-Aug-2018 00:00,03-Aug-2018 00:00,5326.0
03-Aug-2018 00:00,04-Aug-2018 00:00,5301.0
04-Aug-2018 00:00,05-Aug-2018 00:00,19.0
05-Aug-2018 00:00,06-Aug-2018 00:00,17.0
06-Aug-2018 00:00,07-Aug-2018 00:00,1725.0
07-Aug-2018 00:00,08-Aug-2018 00:00,8089.0
08-Aug-2018 00:00,09-Aug-2018 00:00,229.0
09-Aug-2018 00:00,10-Aug-2018 00:00,1637.0
10-Aug-2018 00:00,11-Aug-2018 00:00,4090.0
11-Aug-2018 00:00,12-Aug-2018 00:00,13411.0
12-Aug-2018 00:00,13-Aug-2018 00:00,212.0
13-Aug-2018 00:00,14-Aug-2018 00:00,55.0
14-Aug-2018 00:00,15-Aug-2018 00:00,6991.20419772421
15-Aug-2018 00:00,16-Aug-2018 00:00,9763.79580227579
16-Aug-2018 00:00,17-Aug-2018 00:00,83.0
17-Aug-2018 00:00,18-Aug-2018 00:00,69.0
18-Aug-2018 00:00,19-Aug-2018 00:00,18983.6391067634
19-Aug-2018 00:00,20-Aug-2018 00:00,1942.36089323659
20-Aug-2018 00:00,21-Aug-2018 00:00,328.0
21-Aug-2018 00:00,22-Aug-2018 00:00,4073.0
22-Aug-2018 00:00,23-Aug-2018 00:00,10713.0
23-Aug-2018 00:00,24-Aug-2018 00:00,2932.0
24-Aug-2018 00:00,25-Aug-2018 00:00,226.0
25-Aug-2018 00:00,26-Aug-2018 00:00,3267.0
26-Aug-2018 00:00,27-Aug-2018 00:00,148.0
27-Aug-2018 00:00,28-Aug-2018 00:00,6993.0
28-Aug-2018 00:00,29-Aug-2018 00:00,145.0
29-Aug-2018 00:00,30-Aug-2018 00:00,268.0
30-Aug-2018 00:00,31-Aug-2018 00:00,2651.0
31-Aug-2018 00:00,01-Sep-2018 00:00,253.0
01-Sep-2018 00:00,02-Sep-2018 00:00,28.0
02-Sep-2018 00:00,03-Sep-2018 00:00,281.0
03-Sep-2018 00:00,04-Sep-2018 00:00,6247.0
04-Sep-2018 00:00,05-Sep-2018 00:00,5402.0
05-Sep-2018 00:00,06-Sep-2018 00:00,5561.0
06-Sep-2018 00:00,07-Sep-2018 00:00,5139.0
07-Sep-2018 00:00,08-Sep-2018 00:00,8003.0
08-Sep-2018 00:00,09-Sep-2018 00:00,3915.0
09-Sep-2018 00:00,10-Sep-2018 00:00,14618.0
10-Sep-2018 00:00,11-Sep-2018 00:00,5050.0
11-Sep-2018 00:00,12-Sep-2018 00:00,5199.0
12-Sep-2018 00:00,13-Sep-2018 00:00,5082.0
13-Sep-2018 00:00,14-Sep-2018 00:00,6261.0
14-Sep-2018 00:00,15-Sep-2018 00:00,5079.0
15-Sep-2018 00:00,16-Sep-2018 00:00,24720.6616441468
16-Sep-2018 00:00,17-Sep-2018 00:00,1995.33835585317
17-Sep-2018 00:00,18-Sep-2018 00:00,5407.0
18-Sep-2018 00:00,19-Sep-2018 00:00,4826.0
19-Sep-2018 00:00,20-Sep-2018 00:00,4634.0
20-Sep-2018 00:00,21-Sep-2018 00:00,4245.0
21-Sep-2018 00:00,22-Sep-2018 00:00,5458.0
22-Sep-2018 00:00,23-Sep-2018 00:00,2821.0
23-Sep-2018 00:00,24-Sep-2018 00:00,661.0
24-Sep-2018 00:00,25-Sep-2018 00:00,4354.0
25-Sep-2018 00:00,26-Sep-2018 00:00,3795.0
26-Sep-2018 00:00,27-Sep-2018 00:00,5541.0
27-Sep-2018 00:00,28-Sep-2018 00:00,3053.0
28-Sep-2018 00:00,29-Sep-2018 00:00,5191.0
29-Sep-2018 00:00,30-Sep-2018 00:00,4298.0
30-Sep-2018 00:00,01-Oct-2018 00:00,2482.0
01-Oct-2018 00:00,02-Oct-2018 00:00,3735.0
02-Oct-2018 00:00,03-Oct-2018 00:00,3088.0
03-Oct-2018 00:00,04-Oct-2018 00:00,5162.0
04-Oct-2018 00:00,05-Oct-2018 00:00,4128.0
05-Oct-2018 00:00,06-Oct-2018 00:00,3568.49898617737
06-Oct-2018 00:00,07-Oct-2018 00:00,3130.7602957556
07-Oct-2018 00:00,08-Oct-2018 00:00,3130.7602957556
08-Oct-2018 00:00,09-Oct-2018 00:00,3130.7602957556
09-Oct-2018 00:00,10-Oct-2018 00:00,3130.7602957556
10-Oct-2018 00:00,11-Oct-2018 00:00,3130.7602957556
11-Oct-2018 00:00,12-Oct-2018 00:00,3130.7602957556
12-Oct-2018 00:00,13-Oct-2018 00:00,3130.7602957556
13-Oct-2018 00:00,14-Oct-2018 00:00,3130.7602957556
14-Oct-2018 00:00,15-Oct-2018 00:00,1288.36830675271
15-Oct-2018 00:00,16-Oct-2018 00:00,4103.87203925312
16-Oct-2018 00:00,17-Oct-2018 00:00,4103.87203925312
17-Oct-2018 00:00,18-Oct-2018 00:00,4103.87203925312
18-Oct-2018 00:00,19-Oct-2018 00:00,4103.87203925312
19-Oct-2018 00:00,20-Oct-2018 00:00,4103.87203925312
20-Oct-2018 00:00,21-Oct-2018 00:00,4103.87203925312
21-Oct-2018 00:00,22-Oct-2018 00:00,5365.81810550644
22-Oct-2018 00:00,23-Oct-2018 00:00,10436.0
23-Oct-2018 00:00,24-Oct-2018 00:00,10427.0
24-Oct-2018 00:00,25-Oct-2018 00:00,8878.0
25-Oct-2018 00:00,26-Oct-2018 00:00,10382.0
26-Oct-2018 00:00,27-Oct-2018 00:00,10354.9217855848
27-Oct-2018 00:00,28-Oct-2018 00:00,3340.89990088835
28-Oct-2018 00:00,29-Oct-2018 00:00,3480.10406342537
29-Oct-2018 00:00,30-Oct-2018 00:00,3340.89990088835
30-Oct-2018 00:00,31-Oct-2018 00:00,3340.89990088835
31-Oct-2018 00:00,01-Nov-2018 00:00,4455.60276014119
01-Nov-2018 00:00,02-Nov-2018 00:00,256.67168818354
02-Nov-2018 00:00,03-Nov-2018 00:00,106.0
03-Nov-2018 00:00,04-Nov-2018 00:00,90.0
04-Nov-2018 00:00,05-Nov-2018 00:00,520.0
05-Nov-2018 00:00,06-Nov-2018 00:00,3569.0
06-Nov-2018 00:00,07-Nov-2018 00:00,3685.0
07-Nov-2018 00:00,08-Nov-2018 00:00,4197.0
08-Nov-2018 00:00,09-Nov-2018 00:00,5384.0
09-Nov-2018 00:00,10-Nov-2018 00:00,2619.0
10-Nov-2018 00:00,11-Nov-2018 00:00,13670.0
11-Nov-2018 00:00,12-Nov-2018 00:00,448.0
12-Nov-2018 00:00,13-Nov-2018 00:00,4220.0
13-Nov-2018 00:00,14-Nov-2018 00:00,2544.0
14-Nov-2018 00:00,15-Nov-2018 00:00,3766.0
15-Nov-2018 00:00,16-Nov-2018 00:00,3045.0
16-Nov-2018 00:00,17-Nov-2018 00:00,6949.0
17-Nov-2018 00:00,18-Nov-2018 00:00,5287.0
18-Nov-2018 00:00,19-Nov-2018 00:00,413.0
19-Nov-2018 00:00,20-Nov-2018 00:00,5379.0
20-Nov-2018 00:00,21-Nov-2018 00:00,3421.0
21-Nov-2018 00:00,22-Nov-2018 00:00,3388.0
22-Nov-2018 00:00,23-Nov-2018 00:00,2993.0
23-Nov-2018 00:00,24-Nov-2018 00:00,14031.0
24-Nov-2018 00:00,25-Nov-2018 00:00,6329.0
25-Nov-2018 00:00,26-Nov-2018 00:00,417.0
26-Nov-2018 00:00,27-Nov-2018 00:00,3893.0
27-Nov-2018 00:00,28-Nov-2018 00:00,3598.0
28-Nov-2018 00:00,29-Nov-2018 00:00,9877.0
29-Nov-2018 00:00,30-Nov-2018 00:00,4461.0
30-Nov-2018 00:00,01-Dec-2018 00:00,3006.0
01-Dec-2018 00:00,02-Dec-2018 00:00,4286.0
02-Dec-2018 00:00,03-Dec-2018 00:00,485.0
03-Dec-2018 00:00,04-Dec-2018 00:00,6053.0
04-Dec-2018 00:00,05-Dec-2018 00:00,3317.0
05-Dec-2018 00:00,06-Dec-2018 00:00,3010.0
06-Dec-2018 00:00,07-Dec-2018 00:00,3671.0
07-Dec-2018 00:00,08-Dec-2018 00:00,3001.0
08-Dec-2018 00:00,09-Dec-2018 00:00,13799.0
09-Dec-2018 00:00,10-Dec-2018 00:00,612.0
10-Dec-2018 00:00,11-Dec-2018 00:00,3180.0
11-Dec-2018 00:00,12-Dec-2018 00:00,5832.0
12-Dec-2018 00:00,13-Dec-2018 00:00,3619.0
13-Dec-2018 00:00,14-Dec-2018 00:00,4230.0
14-Dec-2018 00:00,15-Dec-2018 00:00,3429.0
15-Dec-2018 00:00,16-Dec-2018 00:00,8149.0
16-Dec-2018 00:00,17-Dec-2018 00:00,771.0
17-Dec-2018 00:00,18-Dec-2018 00:00,6623.0
18-Dec-2018 00:00,19-Dec-2018 00:00,4754.0
19-Dec-2018 00:00,20-Dec-2018 00:00,4855.0
20-Dec-2018 00:00,21-Dec-2018 00:00,4423.0
21-Dec-2018 00:00,22-Dec-2018 00:00,4614.0
22-Dec-2018 00:00,23-Dec-2018 00:00,2782.0
23-Dec-2018 00:00,24-Dec-2018 00:00,3282.0
24-Dec-2018 00:00,25-Dec-2018 00:00,6574.0
25-Dec-2018 00:00,26-Dec-2018 00:00,6025.0
26-Dec-2018 00:00,27-Dec-2018 00:00,4209.0
27-Dec-2018 00:00,28-Dec-2018 00:00,2881.0
28-Dec-2018 00:00,29-Dec-2018 00:00,5284.0
29-Dec-2018 00:00,30-Dec-2018 00:00,6266.0
30-Dec-2018 00:00,31-Dec-2018 00:00,11264.4577207832
31-Dec-2018 00:00,01-Jan-2019 00:00,4390.54227921676
01-Jan-2019 00:00,02-Jan-2019 00:00,98.0
02-Jan-2019 00:00,03-Jan-2019 00:00,41.0
03-Jan-2019 00:00,04-Jan-2019 00:00,1035.0
04-Jan-2019 00:00,05-Jan-2019 00:00,5822.0
05-Jan-2019 00:00,06-Jan-2019 00:00,200.0
06-Jan-2019 00:00,07-Jan-2019 00:00,27.0
07-Jan-2019 00:00,08-Jan-2019 00:00,63.0
08-Jan-2019 00:00,09-Jan-2019 00:00,4698.0
09-Jan-2019 00:00,10-Jan-2019 00:00,2380.0
10-Jan-2019 00:00,11-Jan-2019 00:00,3758.0
11-Jan-2019 00:00,12-Jan-2019 00:00,2858.0
12-Jan-2019 00:00,13-Jan-2019 00:00,2240.0
13-Jan-2019 00:00,14-Jan-2019 00:00,506.0
14-Jan-2019 00:00,15-Jan-2019 00:00,3617.0
15-Jan-2019 00:00,16-Jan-2019 00:00,3639.0
16-Jan-2019 00:00,17-Jan-2019 00:00,3237.0
17-Jan-2019 00:00,18-Jan-2019 00:00,3127.0
18-Jan-2019 00:00,19-Jan-2019 00:00,2514.0
19-Jan-2019 00:00,20-Jan-2019 00:00,14996.0
20-Jan-2019 00:00,21-Jan-2019 00:00,521.0
21-Jan-2019 00:00,22-Jan-2019 00:00,1463.0
22-Jan-2019 00:00,23-Jan-2019 00:00,2935.0
23-Jan-2019 00:00,24-Jan-2019 00:00,3395.0
24-Jan-2019 00:00,25-Jan-2019 00:00,2751.0
25-Jan-2019 00:00,26-Jan-2019 00:00,2675.0
26-Jan-2019 00:00,27-Jan-2019 00:00,4577.0
27-Jan-2019 00:00,28-Jan-2019 00:00,655.0
28-Jan-2019 00:00,29-Jan-2019 00:00,2582.0
29-Jan-2019 00:00,30-Jan-2019 00:00,3316.0
30-Jan-2019 00:00,31-Jan-2019 00:00,3458.0
31-Jan-2019 00:00,01-Feb-2019 00:00,2939.0
01-Feb-2019 00:00,02-Feb-2019 00:00,2594.0
02-Feb-2019 00:00,03-Feb-2019 00:00,1201.0
03-Feb-2019 00:00,04-Feb-2019 00:00,554.0
04-Feb-2019 00:00,05-Feb-2019 00:00,4253.0
05-Feb-2019 00:00,06-Feb-2019 00:00,3052.0
06-Feb-2019 00:00,07-Feb-2019 00:00,3348.0
07-Feb-2019 00:00,08-Feb-2019 00:00,2622.0
08-Feb-2019 00:00,09-Feb-2019 00:00,6815.0
09-Feb-2019 00:00,10-Feb-2019 00:00,64.0
10-Feb-2019 00:00,11-Feb-2019 00:00,3779.0
11-Feb-2019 00:00,12-Feb-2019 00:00,103.0
12-Feb-2019 00:00,13-Feb-2019 00:00,3355.0
13-Feb-2019 00:00,14-Feb-2019 00:00,17948.0
14-Feb-2019 00:00,15-Feb-2019 00:00,2371.0
15-Feb-2019 00:00,16-Feb-2019 00:00,73.0
16-Feb-2019 00:00,17-Feb-2019 00:00,14973.0
17-Feb-2019 00:00,18-Feb-2019 00:00,1714.0
18-Feb-2019 00:00,19-Feb-2019 00:00,17140.0
19-Feb-2019 00:00,20-Feb-2019 00:00,11304.0
20-Feb-2019 00:00,21-Feb-2019 00:00,2294.0
21-Feb-2019 00:00,22-Feb-2019 00:00,20.0
22-Feb-2019 00:00,23-Feb-2019 00:00,2736.0
23-Feb-2019 00:00,24-Feb-2019 00:00,1373.0
24-Feb-2019 00:00,25-Feb-2019 00:00,766.0
25-Feb-2019 00:00,26-Feb-2019 00:00,3139.0
26-Feb-2019 00:00,27-Feb-2019 00:00,2914.0
27-Feb-2019 00:00,28-Feb-2019 00:00,3794.0
28-Feb-2019 00:00,01-Mar-2019 00:00,1969.0
01-Mar-2019 00:00,02-Mar-2019 00:00,4072.0
02-Mar-2019 00:00,03-Mar-2019 00:00,13391.0
03-Mar-2019 00:00,04-Mar-2019 00:00,541.0
04-Mar-2019 00:00,05-Mar-2019 00:00,3885.0
05-Mar-2019 00:00,06-Mar-2019 00:00,3376.0
06-Mar-2019 00:00,07-Mar-2019 00:00,3626.0
07-Mar-2019 00:00,08-Mar-2019 00:00,2840.0
08-Mar-2019 00:00,09-Mar-2019 00:00,2381.0
09-Mar-2019 00:00,10-Mar-2019 00:00,2678.0
10-Mar-2019 00:00,11-Mar-2019 00:00,593.0
11-Mar-2019 00:00,12-Mar-2019 00:00,2282.0
12-Mar-2019 00:00,13-Mar-2019 00:00,4256.0
13-Mar-2019 00:00,14-Mar-2019 00:00,3780.0
14-Mar-2019 00:00,15-Mar-2019 00:00,4280.0
15-Mar-2019 00:00,16-Mar-2019 00:00,12459.0
16-Mar-2019 00:00,17-Mar-2019 00:00,13085.0
17-Mar-2019 00:00,18-Mar-2019 00:00,462.0
18-Mar-2019 00:00,19-Mar-2019 00:00,2835.0
19-Mar-2019 00:00,20-Mar-2019 00:00,3400.0
20-Mar-2019 00:00,21-Mar-2019 00:00,3554.0
21-Mar-2019 00:00,22-Mar-2019 00:00,3808.0
22-Mar-2019 00:00,23-Mar-2019 00:00,2964.0
23-Mar-2019 00:00,24-Mar-2019 00:00,4152.0
24-Mar-2019 00:00,25-Mar-2019 00:00,505.0
25-Mar-2019 00:00,26-Mar-2019 00:00,2826.0
26-Mar-2019 00:00,27-Mar-2019 00:00,2587.0
27-Mar-2019 00:00,28-Mar-2019 00:00,4289.0
28-Mar-2019 00:00,29-Mar-2019 00:00,2070.0
29-Mar-2019 00:00,30-Mar-2019 00:00,11284.0
30-Mar-2019 00:00,31-Mar-2019 00:00,2681.0
31-Mar-2019 00:00,01-Apr-2019 00:00,609.0
01-Apr-2019 00:00,02-Apr-2019 00:00,3688.0
02-Apr-2019 00:00,03-Apr-2019 00:00,2205.0
03-Apr-2019 00:00,04-Apr-2019 00:00,9600.0
04-Apr-2019 00:00,05-Apr-2019 00:00,3181.0
05-Apr-2019 00:00,06-Apr-2019 00:00,10408.0
06-Apr-2019 00:00,07-Apr-2019 00:00,2677.0
07-Apr-2019 00:00,08-Apr-2019 00:00,57.0
08-Apr-2019 00:00,09-Apr-2019 00:00,7927.0
09-Apr-2019 00:00,10-Apr-2019 00:00,93.0
10-Apr-2019 00:00,11-Apr-2019 00:00,74.0
11-Apr-2019 00:00,12-Apr-2019 00:00,21.0
12-Apr-2019 00:00,13-Apr-2019 00:00,21.0
13-Apr-2019 00:00,14-Apr-2019 00:00,96.0
14-Apr-2019 00:00,15-Apr-2019 00:00,6009.0
15-Apr-2019 00:00,16-Apr-2019 00:00,278.0
16-Apr-2019 00:00,17-Apr-2019 00:00,5507.0
17-Apr-2019 00:00,18-Apr-2019 00:00,324.0
18-Apr-2019 00:00,19-Apr-2019 00:00,2299.0
19-Apr-2019 00:00,20-Apr-2019 00:00,180.0
20-Apr-2019 00:00,21-Apr-2019 00:00,241.0
21-Apr-2019 00:00,22-Apr-2019 00:00,21.0
22-Apr-2019 00:00,23-Apr-2019 00:00,720.0
23-Apr-2019 00:00,24-Apr-2019 00:00,2987.0
24-Apr-2019 00:00,25-Apr-2019 00:00,2953.0
25-Apr-2019 00:00,26-Apr-2019 00:00,3140.0
26-Apr-2019 00:00,27-Apr-2019 00:00,2234.0
27-Apr-2019 00:00,28-Apr-2019 00:00,14307.0
28-Apr-2019 00:00,29-Apr-2019 00:00,534.0
29-Apr-2019 00:00,30-Apr-2019 00:00,3617.0
30-Apr-2019 00:00,01-May-2019 00:00,3826.0
01-May-2019 00:00,02-May-2019 00:00,598.0
02-May-2019 00:00,03-May-2019 00:00,4246.0
03-May-2019 00:00,04-May-2019 00:00,2359.0
04-May-2019 00:00,05-May-2019 00:00,932.0
05-May-2019 00:00,06-May-2019 00:00,474.0
06-May-2019 00:00,07-May-2019 00:00,3418.0
07-May-2019 00:00,08-May-2019 00:00,4582.0
08-May-2019 00:00,09-May-2019 00:00,6826.0
09-May-2019 00:00,10-May-2019 00:00,8901.0
10-May-2019 00:00,11-May-2019 00:00,2675.0
11-May-2019 00:00,12-May-2019 00:00,989.0
12-May-2019 00:00,13-May-2019 00:00,467.0
13-May-2019 00:00,14-May-2019 00:00,3812.0
14-May-2019 00:00,15-May-2019 00:00,3736.0
15-May-2019 00:00,16-May-2019 00:00,4616.0
16-May-2019 00:00,17-May-2019 00:00,2740.0
17-May-2019 00:00,18-May-2019 00:00,2198.0
18-May-2019 00:00,19-May-2019 00:00,12806.0
19-May-2019 00:00,20-May-2019 00:00,448.0
20-May-2019 00:00,21-May-2019 00:00,3595.0
21-May-2019 00:00,22-May-2019 00:00,2581.0
22-May-2019 00:00,23-May-2019 00:00,3397.0
23-May-2019 00:00,24-May-2019 00:00,2844.0
24-May-2019 00:00,25-May-2019 00:00,3633.0
25-May-2019 00:00,26-May-2019 00:00,11731.0
26-May-2019 00:00,27-May-2019 00:00,13076.0
27-May-2019 00:00,28-May-2019 00:00,1833.0
28-May-2019 00:00,29-May-2019 00:00,4878.0
29-May-2019 00:00,30-May-2019 00:00,4070.0
30-May-2019 00:00,31-May-2019 00:00,603.0
31-May-2019 00:00,01-Jun-2019 00:00,540.0
01-Jun-2019 00:00,02-Jun-2019 00:00,9103.0
02-Jun-2019 00:00,03-Jun-2019 00:00,470.0
03-Jun-2019 00:00,04-Jun-2019 00:00,3170.0
04-Jun-2019 00:00,05-Jun-2019 00:00,5376.0
05-Jun-2019 00:00,06-Jun-2019 00:00,4026.0
06-Jun-2019 00:00,07-Jun-2019 00:00,3877.0
07-Jun-2019 00:00,08-Jun-2019 00:00,4111.0
08-Jun-2019 00:00,09-Jun-2019 00:00,33.0
09-Jun-2019 00:00,10-Jun-2019 00:00,6900.0
10-Jun-2019 00:00,11-Jun-2019 00:00,850.0
11-Jun-2019 00:00,12-Jun-2019 00:00,3318.0
12-Jun-2019 00:00,13-Jun-2019 00:00,2527.0
13-Jun-2019 00:00,14-Jun-2019 00:00,4191.0
14-Jun-2019 00:00,15-Jun-2019 00:00,3146.0
15-Jun-2019 00:00,16-Jun-2019 00:00,9047.0
16-Jun-2019 00:00,17-Jun-2019 00:00,854.0
17-Jun-2019 00:00,18-Jun-2019 00:00,3108.0
18-Jun-2019 00:00,19-Jun-2019 00:00,12943.0
19-Jun-2019 00:00,20-Jun-2019 00:00,17721.0
20-Jun-2019 00:00,21-Jun-2019 00:00,5818.0
21-Jun-2019 00:00,22-Jun-2019 00:00,117.0
22-Jun-2019 00:00,23-Jun-2019 00:00,155.0
23-Jun-2019 00:00,24-Jun-2019 00:00,22.0
24-Jun-2019 00:00,25-Jun-2019 00:00,6219.0
25-Jun-2019 00:00,26-Jun-2019 00:00,307.0
26-Jun-2019 00:00,27-Jun-2019 00:00,177.0
27-Jun-2019 00:00,28-Jun-2019 00:00,4906.0
28-Jun-2019 00:00,29-Jun-2019 00:00,4458.0
29-Jun-2019 00:00,30-Jun-2019 00:00,25862.0
30-Jun-2019 00:00,01-Jul-2019 00:00,8.0
01-Jul-2019 00:00,02-Jul-2019 00:00,10498.0
02-Jul-2019 00:00,03-Jul-2019 00:00,139.0
03-Jul-2019 00:00,04-Jul-2019 00:00,1994.36537532108
04-Jul-2019 00:00,05-Jul-2019 00:00,83.6346246789238
05-Jul-2019 00:00,06-Jul-2019 00:00,1303.0
06-Jul-2019 00:00,07-Jul-2019 00:00,3594.0
07-Jul-2019 00:00,08-Jul-2019 00:00,2432.0
08-Jul-2019 00:00,09-Jul-2019 00:00,12306.0
09-Jul-2019 00:00,10-Jul-2019 00:00,11686.0
10-Jul-2019 00:00,11-Jul-2019 00:00,15512.0
11-Jul-2019 00:00,12-Jul-2019 00:00,16730.6098081357
12-Jul-2019 00:00,13-Jul-2019 00:00,12677.3901918643
13-Jul-2019 00:00,14-Jul-2019 00:00,11061.0
14-Jul-2019 00:00,15-Jul-2019 00:00,80.0
15-Jul-2019 00:00,16-Jul-2019 00:00,16442.0
16-Jul-2019 00:00,17-Jul-2019 00:00,13302.0
17-Jul-2019 00:00,18-Jul-2019 00:00,14567.0
18-Jul-2019 00:00,19-Jul-2019 00:00,12786.0
19-Jul-2019 00:00,20-Jul-2019 00:00,15550.0
20-Jul-2019 00:00,21-Jul-2019 00:00,2155.0
21-Jul-2019 00:00,22-Jul-2019 00:00,150.0
22-Jul-2019 00:00,23-Jul-2019 00:00,16116.0
23-Jul-2019 00:00,24-Jul-2019 00:00,11515.0
24-Jul-2019 00:00,25-Jul-2019 00:00,13257.0
25-Jul-2019 00:00,26-Jul-2019 00:00,12844.0
26-Jul-2019 00:00,27-Jul-2019 00:00,6393.0
27-Jul-2019 00:00,28-Jul-2019 00:00,10004.0
28-Jul-2019 00:00,29-Jul-2019 00:00,177.0
29-Jul-2019 00:00,30-Jul-2019 00:00,13824.0
30-Jul-2019 00:00,31-Jul-2019 00:00,16364.0
31-Jul-2019 00:00,01-Aug-2019 00:00,12568.0
01-Aug-2019 00:00,02-Aug-2019 00:00,5294.0
02-Aug-2019 00:00,03-Aug-2019 00:00,7077.0
03-Aug-2019 00:00,04-Aug-2019 00:00,14.0
04-Aug-2019 00:00,05-Aug-2019 00:00,13887.0
05-Aug-2019 00:00,06-Aug-2019 00:00,2890.0
06-Aug-2019 00:00,07-Aug-2019 00:00,1779.0
07-Aug-2019 00:00,08-Aug-2019 00:00,219.0
08-Aug-2019 00:00,09-Aug-2019 00:00,850.0
09-Aug-2019 00:00,10-Aug-2019 00:00,166.0
10-Aug-2019 00:00,11-Aug-2019 00:00,7480.0
11-Aug-2019 00:00,12-Aug-2019 00:00,57.0
12-Aug-2019 00:00,13-Aug-2019 00:00,1423.0
13-Aug-2019 00:00,14-Aug-2019 00:00,170.0
14-Aug-2019 00:00,15-Aug-2019 00:00,3091.0
15-Aug-2019 00:00,16-Aug-2019 00:00,377.0
16-Aug-2019 00:00,17-Aug-2019 00:00,387.0
17-Aug-2019 00:00,18-Aug-2019 00:00,170.0
18-Aug-2019 00:00,19-Aug-2019 00:00,13461.0
19-Aug-2019 00:00,20-Aug-2019 00:00,351.0
20-Aug-2019 00:00,21-Aug-2019 00:00,8.0
21-Aug-2019 00:00,22-Aug-2019 00:00,24.0
22-Aug-2019 00:00,23-Aug-2019 00:00,250.0
23-Aug-2019 00:00,24-Aug-2019 00:00,5148.0
24-Aug-2019 00:00,25-Aug-2019 00:00,9906.0
25-Aug-2019 00:00,26-Aug-2019 00:00,5724.0
26-Aug-2019 00:00,27-Aug-2019 00:00,1950.89924754136
27-Aug-2019 00:00,28-Aug-2019 00:00,1364.10075245864
28-Aug-2019 00:00,29-Aug-2019 00:00,361.0
29-Aug-2019 00:00,30-Aug-2019 00:00,2100.0
30-Aug-2019 00:00,31-Aug-2019 00:00,1666.0
31-Aug-2019 00:00,01-Sep-2019 00:00,298.0
01-Sep-2019 00:00,02-Sep-2019 00:00,1638.0
02-Sep-2019 00:00,03-Sep-2019 00:00,4094.0
03-Sep-2019 00:00,04-Sep-2019 00:00,3595.0
04-Sep-2019 00:00,05-Sep-2019 00:00,2995.0
05-Sep-2019 00:00,06-Sep-2019 00:00,3345.0
06-Sep-2019 00:00,07-Sep-2019 00:00,3567.0
07-Sep-2019 00:00,08-Sep-2019 00:00,1446.0
08-Sep-2019 00:00,09-Sep-2019 00:00,596.0
09-Sep-2019 00:00,10-Sep-2019 00:00,8310.0
10-Sep-2019 00:00,11-Sep-2019 00:00,2069.0
11-Sep-2019 00:00,12-Sep-2019 00:00,2953.0
12-Sep-2019 00:00,13-Sep-2019 00:00,2141.0
13-Sep-2019 00:00,14-Sep-2019 00:00,3108.0
14-Sep-2019 00:00,15-Sep-2019 00:00,1286.0
15-Sep-2019 00:00,16-Sep-2019 00:00,1433.0
16-Sep-2019 00:00,17-Sep-2019 00:00,1788.0
17-Sep-2019 00:00,18-Sep-2019 00:00,3031.0
18-Sep-2019 00:00,19-Sep-2019 00:00,3162.0
19-Sep-2019 00:00,20-Sep-2019 00:00,4098.0
20-Sep-2019 00:00,21-Sep-2019 00:00,4455.0
21-Sep-2019 00:00,22-Sep-2019 00:00,1230.0
22-Sep-2019 00:00,23-Sep-2019 00:00,918.0
23-Sep-2019 00:00,24-Sep-2019 00:00,3666.0
24-Sep-2019 00:00,25-Sep-2019 00:00,2837.0
25-Sep-2019 00:00,26-Sep-2019 00:00,3166.0
26-Sep-2019 00:00,27-Sep-2019 00:00,9242.0
27-Sep-2019 00:00,28-Sep-2019 00:00,4119.0
28-Sep-2019 00:00,29-Sep-2019 00:00,4876.0
29-Sep-2019 00:00,30-Sep-2019 00:00,941.0
30-Sep-2019 00:00,01-Oct-2019 00:00,2253.0
01-Oct-2019 00:00,02-Oct-2019 00:00,3187.0
02-Oct-2019 00:00,03-Oct-2019 00:00,3213.0
03-Oct-2019 00:00,04-Oct-2019 00:00,4548.0
04-Oct-2019 00:00,05-Oct-2019 00:00,3908.0
05-Oct-2019 00:00,06-Oct-2019 00:00,1503.0
06-Oct-2019 00:00,07-Oct-2019 00:00,977.0
07-Oct-2019 00:00,08-Oct-2019 00:00,1784.0
08-Oct-2019 00:00,09-Oct-2019 00:00,3149.0
09-Oct-2019 00:00,10-Oct-2019 00:00,3631.0
10-Oct-2019 00:00,11-Oct-2019 00:00,7824.0
11-Oct-2019 00:00,12-Oct-2019 00:00,3641.0
12-Oct-2019 00:00,13-Oct-2019 00:00,1841.0
13-Oct-2019 00:00,14-Oct-2019 00:00,1448.0
14-Oct-2019 00:00,15-Oct-2019 00:00,1888.0
15-Oct-2019 00:00,16-Oct-2019 00:00,3663.0
16-Oct-2019 00:00,17-Oct-2019 00:00,3075.0
17-Oct-2019 00:00,18-Oct-2019 00:00,9349.0
18-Oct-2019 00:00,19-Oct-2019 00:00,4727.0
19-Oct-2019 00:00,20-Oct-2019 00:00,10604.0
20-Oct-2019 00:00,21-Oct-2019 00:00,771.0
21-Oct-2019 00:00,22-Oct-2019 00:00,127.0
22-Oct-2019 00:00,23-Oct-2019 00:00,925.0
23-Oct-2019 00:00,24-Oct-2019 00:00,394.0
24-Oct-2019 00:00,25-Oct-2019 00:00,141.0
25-Oct-2019 00:00,26-Oct-2019 00:00,164.0
26-Oct-2019 00:00,27-Oct-2019 00:00,78.0
27-Oct-2019 00:00,28-Oct-2019 00:00,2631.0
28-Oct-2019 00:00,29-Oct-2019 00:00,1268.0
29-Oct-2019 00:00,30-Oct-2019 00:00,70.0
30-Oct-2019 00:00,31-Oct-2019 00:00,3861.0
31-Oct-2019 00:00,01-Nov-2019 00:00,4429.36373642677
01-Nov-2019 00:00,02-Nov-2019 00:00,1899.63626357323
02-Nov-2019 00:00,03-Nov-2019 00:00,250.0
03-Nov-2019 00:00,04-Nov-2019 00:00,796.0
04-Nov-2019 00:00,05-Nov-2019 00:00,2734.0
05-Nov-2019 00:00,06-Nov-2019 00:00,3214.0
06-Nov-2019 00:00,07-Nov-2019 00:00,2548.0
07-Nov-2019 00:00,08-Nov-2019 00:00,3038.0
08-Nov-2019 00:00,09-Nov-2019 00:00,2388.0
09-Nov-2019 00:00,10-Nov-2019 00:00,1841.0
10-Nov-2019 00:00,11-Nov-2019 00:00,165.0
11-Nov-2019 00:00,12-Nov-2019 00:00,1205.0
12-Nov-2019 00:00,13-Nov-2019 00:00,2107.0
13-Nov-2019 00:00,14-Nov-2019 00:00,4597.0
14-Nov-2019 00:00,15-Nov-2019 00:00,2193.0
15-Nov-2019 00:00,16-Nov-2019 00:00,3453.0
16-Nov-2019 00:00,17-Nov-2019 00:00,1783.0
17-Nov-2019 00:00,18-Nov-2019 00:00,969.0
18-Nov-2019 00:00,19-Nov-2019 00:00,1810.0
19-Nov-2019 00:00,20-Nov-2019 00:00,3379.0
20-Nov-2019 00:00,21-Nov-2019 00:00,2510.0
21-Nov-2019 00:00,22-Nov-2019 00:00,1727.0
22-Nov-2019 00:00,23-Nov-2019 00:00,2967.0
23-Nov-2019 00:00,24-Nov-2019 00:00,1750.0
24-Nov-2019 00:00,25-Nov-2019 00:00,740.0
25-Nov-2019 00:00,26-Nov-2019 00:00,2325.0
26-Nov-2019 00:00,27-Nov-2019 00:00,4093.0
27-Nov-2019 00:00,28-Nov-2019 00:00,2541.0
28-Nov-2019 00:00,29-Nov-2019 00:00,2106.0
29-Nov-2019 00:00,30-Nov-2019 00:00,13415.0
30-Nov-2019 00:00,01-Dec-2019 00:00,7052.0
01-Dec-2019 00:00,02-Dec-2019 00:00,801.0
02-Dec-2019 00:00,03-Dec-2019 00:00,2127.0
03-Dec-2019 00:00,04-Dec-2019 00:00,3310.0
04-Dec-2019 00:00,05-Dec-2019 00:00,2297.0
05-Dec-2019 00:00,06-Dec-2019 00:00,4302.0
06-Dec-2019 00:00,07-Dec-2019 00:00,3014.0
07-Dec-2019 00:00,08-Dec-2019 00:00,2327.0
08-Dec-2019 00:00,09-Dec-2019 00:00,1099.0
09-Dec-2019 00:00,10-Dec-2019 00:00,1353.0
10-Dec-2019 00:00,11-Dec-2019 00:00,3008.0
11-Dec-2019 00:00,12-Dec-2019 00:00,2036.0
12-Dec-2019 00:00,13-Dec-2019 00:00,2433.0
13-Dec-2019 00:00,14-Dec-2019 00:00,3198.0
14-Dec-2019 00:00,15-Dec-2019 00:00,5790.0
15-Dec-2019 00:00,16-Dec-2019 00:00,2039.0
16-Dec-2019 00:00,17-Dec-2019 00:00,10355.0
17-Dec-2019 00:00,18-Dec-2019 00:00,2102.0
18-Dec-2019 00:00,19-Dec-2019 00:00,3919.0
19-Dec-2019 00:00,20-Dec-2019 00:00,4084.0
20-Dec-2019 00:00,21-Dec-2019 00:00,4376.0
21-Dec-2019 00:00,22-Dec-2019 00:00,8416.0
22-Dec-2019 00:00,23-Dec-2019 00:00,221.0
23-Dec-2019 00:00,24-Dec-2019 00:00,493.0
24-Dec-2019 00:00,25-Dec-2019 00:00,853.0
25-Dec-2019 00:00,26-Dec-2019 00:00,644.0
26-Dec-2019 00:00,27-Dec-2019 00:00,238.0
27-Dec-2019 00:00,28-Dec-2019 00:00,7818.0
28-Dec-2019 00:00,29-Dec-2019 00:00,1233.0
29-Dec-2019 00:00,30-Dec-2019 00:00,1344.0
30-Dec-2019 00:00,31-Dec-2019 00:00,278.0
31-Dec-2019 00:00,01-Jan-2020 00:00,320.0
01-Jan-2020 00:00,02-Jan-2020 00:00,205.0
02-Jan-2020 00:00,03-Jan-2020 00:00,454.0
03-Jan-2020 00:00,04-Jan-2020 00:00,100.0
04-Jan-2020 00:00,05-Jan-2020 00:00,84.0
05-Jan-2020 00:00,06-Jan-2020 00:00,382.0
06-Jan-2020 00:00,07-Jan-2020 00:00,2857.0
07-Jan-2020 00:00,08-Jan-2020 00:00,3352.0
08-Jan-2020 00:00,09-Jan-2020 00:00,1713.0
09-Jan-2020 00:00,10-Jan-2020 00:00,3214.0
10-Jan-2020 00:00,11-Jan-2020 00:00,4451.0
11-Jan-2020 00:00,12-Jan-2020 00:00,3065.0
12-Jan-2020 00:00,13-Jan-2020 00:00,802.0
13-Jan-2020 00:00,14-Jan-2020 00:00,2059.0
14-Jan-2020 00:00,15-Jan-2020 00:00,3375.0
15-Jan-2020 00:00,16-Jan-2020 00:00,3332.0
16-Jan-2020 00:00,17-Jan-2020 00:00,2339.0
17-Jan-2020 00:00,18-Jan-2020 00:00,1723.0
18-Jan-2020 00:00,19-Jan-2020 00:00,1655.0
19-Jan-2020 00:00,20-Jan-2020 00:00,536.0
20-Jan-2020 00:00,21-Jan-2020 00:00,1644.0
21-Jan-2020 00:00,22-Jan-2020 00:00,2900.0
22-Jan-2020 00:00,23-Jan-2020 00:00,2106.0
23-Jan-2020 00:00,24-Jan-2020 00:00,2987.0
24-Jan-2020 00:00,25-Jan-2020 00:00,3236.0
25-Jan-2020 00:00,26-Jan-2020 00:00,1604.0
26-Jan-2020 00:00,27-Jan-2020 00:00,910.0
27-Jan-2020 00:00,28-Jan-2020 00:00,1766.0
28-Jan-2020 00:00,29-Jan-2020 00:00,3417.0
29-Jan-2020 00:00,30-Jan-2020 00:00,2381.0
30-Jan-2020 00:00,31-Jan-2020 00:00,1852.0
31-Jan-2020 00:00,01-Feb-2020 00:00,3099.0
01-Feb-2020 00:00,02-Feb-2020 00:00,3831.0
02-Feb-2020 00:00,03-Feb-2020 00:00,855.0
03-Feb-2020 00:00,04-Feb-2020 00:00,1689.0
04-Feb-2020 00:00,05-Feb-2020 00:00,3282.0
05-Feb-2020 00:00,06-Feb-2020 00:00,2217.0
06-Feb-2020 00:00,07-Feb-2020 00:00,2881.0
07-Feb-2020 00:00,08-Feb-2020 00:00,2152.0
08-Feb-2020 00:00,09-Feb-2020 00:00,1683.0
09-Feb-2020 00:00,10-Feb-2020 00:00,774.0
10-Feb-2020 00:00,11-Feb-2020 00:00,1609.0
11-Feb-2020 00:00,12-Feb-2020 00:00,1818.0
12-Feb-2020 00:00,13-Feb-2020 00:00,3499.0
13-Feb-2020 00:00,14-Feb-2020 00:00,3847.0
14-Feb-2020 00:00,15-Feb-2020 00:00,7994.58357698161
15-Feb-2020 00:00,16-Feb-2020 00:00,1266.41642301839
16-Feb-2020 00:00,17-Feb-2020 00:00,2825.0
17-Feb-2020 00:00,18-Feb-2020 00:00,317.0
18-Feb-2020 00:00,19-Feb-2020 00:00,1711.0
19-Feb-2020 00:00,20-Feb-2020 00:00,256.0
20-Feb-2020 00:00,21-Feb-2020 00:00,1821.0
21-Feb-2020 00:00,22-Feb-2020 00:00,253.0
22-Feb-2020 00:00,23-Feb-2020 00:00,166.0
23-Feb-2020 00:00,24-Feb-2020 00:00,193.0
24-Feb-2020 00:00,25-Feb-2020 00:00,441.0
25-Feb-2020 00:00,26-Feb-2020 00:00,190.0
26-Feb-2020 00:00,27-Feb-2020 00:00,5843.0
27-Feb-2020 00:00,28-Feb-2020 00:00,214.0
28-Feb-2020 00:00,29-Feb-2020 00:00,202.0
29-Feb-2020 00:00,01-Mar-2020 00:00,209.0
01-Mar-2020 00:00,02-Mar-2020 00:00,385.0
02-Mar-2020 00:00,03-Mar-2020 00:00,1742.0
03-Mar-2020 00:00,04-Mar-2020 00:00,2357.0
04-Mar-2020 00:00,05-Mar-2020 00:00,11449.0
05-Mar-2020 00:00,06-Mar-2020 00:00,1738.0
06-Mar-2020 00:00,07-Mar-2020 00:00,2886.0
07-Mar-2020 00:00,08-Mar-2020 00:00,1536.0
08-Mar-2020 00:00,09-Mar-2020 00:00,717.0
09-Mar-2020 00:00,10-Mar-2020 00:00,800.0
10-Mar-2020 00:00,11-Mar-2020 00:00,3279.0
11-Mar-2020 00:00,12-Mar-2020 00:00,4861.0
12-Mar-2020 00:00,13-Mar-2020 00:00,2575.0
13-Mar-2020 00:00,14-Mar-2020 00:00,2929.0
14-Mar-2020 00:00,15-Mar-2020 00:00,2652.0
15-Mar-2020 00:00,16-Mar-2020 00:00,140.0
16-Mar-2020 00:00,17-Mar-2020 00:00,459.0
17-Mar-2020 00:00,18-Mar-2020 00:00,375.0
18-Mar-2020 00:00,19-Mar-2020 00:00,427.0
19-Mar-2020 00:00,20-Mar-2020 00:00,354.0
20-Mar-2020 00:00,21-Mar-2020 00:00,174.0
21-Mar-2020 00:00,22-Mar-2020 00:00,396.0
22-Mar-2020 00:00,23-Mar-2020 00:00,529.0
23-Mar-2020 00:00,24-Mar-2020 00:00,261.0
24-Mar-2020 00:00,25-Mar-2020 00:00,336.0
25-Mar-2020 00:00,26-Mar-2020 00:00,431.0
26-Mar-2020 00:00,27-Mar-2020 00:00,406.505237841832
27-Mar-2020 00:00,28-Mar-2020 00:00,272.494762158168
28-Mar-2020 00:00,29-Mar-2020 00:00,351.0
29-Mar-2020 00:00,30-Mar-2020 00:00,172.0
30-Mar-2020 00:00,31-Mar-2020 00:00,263.0
31-Mar-2020 00:00,01-Apr-2020 00:00,294.0
01-Apr-2020 00:00,02-Apr-2020 00:00,196.0
02-Apr-2020 00:00,03-Apr-2020 00:00,125.0
03-Apr-2020 00:00,04-Apr-2020 00:00,247.0
04-Apr-2020 00:00,05-Apr-2020 00:00,105.0
05-Apr-2020 00:00,06-Apr-2020 00:00,33.0
06-Apr-2020 00:00,07-Apr-2020 00:00,280.0
07-Apr-2020 00:00,08-Apr-2020 00:00,184.0
08-Apr-2020 00:00,09-Apr-2020 00:00,345.0
09-Apr-2020 00:00,10-Apr-2020 00:00,218.0
10-Apr-2020 00:00,11-Apr-2020 00:00,298.0
11-Apr-2020 00:00,12-Apr-2020 00:00,120.0
12-Apr-2020 00:00,13-Apr-2020 00:00,83.0
13-Apr-2020 00:00,14-Apr-2020 00:00,213.0
14-Apr-2020 00:00,15-Apr-2020 00:00,352.0
15-Apr-2020 00:00,16-Apr-2020 00:00,209.0
16-Apr-2020 00:00,17-Apr-2020 00:00,54.0
17-Apr-2020 00:00,18-Apr-2020 00:00,57.0
18-Apr-2020 00:00,19-Apr-2020 00:00,258.0
19-Apr-2020 00:00,20-Apr-2020 00:00,139.0
20-Apr-2020 00:00,21-Apr-2020 00:00,50.0
21-Apr-2020 00:00,22-Apr-2020 00:00,88.0
22-Apr-2020 00:00,23-Apr-2020 00:00,278.0
23-Apr-2020 00:00,24-Apr-2020 00:00,154.0
24-Apr-2020 00:00,25-Apr-2020 00:00,312.0
25-Apr-2020 00:00,26-Apr-2020 00:00,168.0
26-Apr-2020 00:00,27-Apr-2020 00:00,145.0
27-Apr-2020 00:00,28-Apr-2020 00:00,182.0
28-Apr-2020 00:00,29-Apr-2020 00:00,128.0
29-Apr-2020 00:00,30-Apr-2020 00:00,153.20621072176
30-Apr-2020 00:00,01-May-2020 00:00,252.79378927824
01-May-2020 00:00,02-May-2020 00:00,74.0
02-May-2020 00:00,03-May-2020 00:00,289.0
03-May-2020 00:00,04-May-2020 00:00,404.0
04-May-2020 00:00,05-May-2020 00:00,356.0
05-May-2020 00:00,06-May-2020 00:00,68.0
06-May-2020 00:00,07-May-2020 00:00,366.0
07-May-2020 00:00,08-May-2020 00:00,183.0
08-May-2020 00:00,09-May-2020 00:00,82.0
09-May-2020 00:00,10-May-2020 00:00,99.0
10-May-2020 00:00,11-May-2020 00:00,215.0
11-May-2020 00:00,12-May-2020 00:00,268.0
12-May-2020 00:00,13-May-2020 00:00,392.0
13-May-2020 00:00,14-May-2020 00:00,239.0
14-May-2020 00:00,15-May-2020 00:00,57.0
15-May-2020 00:00,16-May-2020 00:00,185.0
16-May-2020 00:00,17-May-2020 00:00,135.0
17-May-2020 00:00,18-May-2020 00:00,296.0
18-May-2020 00:00,19-May-2020 00:00,1129.0
19-May-2020 00:00,20-May-2020 00:00,116.0
20-May-2020 00:00,21-May-2020 00:00,300.0
21-May-2020 00:00,22-May-2020 00:00,311.0
22-May-2020 00:00,23-May-2020 00:00,151.0
23-May-2020 00:00,24-May-2020 00:00,277.0
24-May-2020 00:00,25-May-2020 00:00,203.0
25-May-2020 00:00,26-May-2020 00:00,194.0
26-May-2020 00:00,27-May-2020 00:00,407.0
27-May-2020 00:00,28-May-2020 00:00,191.0
28-May-2020 00:00,29-May-2020 00:00,253.0
29-May-2020 00:00,30-May-2020 00:00,415.0
30-May-2020 00:00,31-May-2020 00:00,9807.0
31-May-2020 00:00,01-Jun-2020 00:00,295.0
01-Jun-2020 00:00,02-Jun-2020 00:00,215.0
02-Jun-2020 00:00,03-Jun-2020 00:00,226.0
03-Jun-2020 00:00,04-Jun-2020 00:00,27.0
04-Jun-2020 00:00,05-Jun-2020 00:00,137.0
05-Jun-2020 00:00,06-Jun-2020 00:00,246.0
06-Jun-2020 00:00,07-Jun-2020 00:00,147.0
07-Jun-2020 00:00,08-Jun-2020 00:00,198.0
08-Jun-2020 00:00,09-Jun-2020 00:00,2552.0
09-Jun-2020 00:00,10-Jun-2020 00:00,1072.0
10-Jun-2020 00:00,11-Jun-2020 00:00,137.0
11-Jun-2020 00:00,12-Jun-2020 00:00,4219.0
12-Jun-2020 00:00,13-Jun-2020 00:00,190.0
13-Jun-2020 00:00,14-Jun-2020 00:00,420.0
14-Jun-2020 00:00,15-Jun-2020 00:00,295.0
15-Jun-2020 00:00,16-Jun-2020 00:00,236.0
16-Jun-2020 00:00,17-Jun-2020 00:00,464.0
17-Jun-2020 00:00,18-Jun-2020 00:00,314.0
18-Jun-2020 00:00,19-Jun-2020 00:00,289.0
19-Jun-2020 00:00,20-Jun-2020 00:00,246.0
20-Jun-2020 00:00,21-Jun-2020 00:00,319.0
21-Jun-2020 00:00,22-Jun-2020 00:00,187.0
22-Jun-2020 00:00,23-Jun-2020 00:00,351.0
23-Jun-2020 00:00,24-Jun-2020 00:00,196.0
24-Jun-2020 00:00,25-Jun-2020 00:00,2901.0
25-Jun-2020 00:00,26-Jun-2020 00:00,51.0
26-Jun-2020 00:00,27-Jun-2020 00:00,837.905535127971
27-Jun-2020 00:00,28-Jun-2020 00:00,295.094464872029
28-Jun-2020 00:00,29-Jun-2020 00:00,163.0
29-Jun-2020 00:00,30-Jun-2020 00:00,343.0
30-Jun-2020 00:00,01-Jul-2020 00:00,297.0
01-Jul-2020 00:00,02-Jul-2020 00:00,350.0
02-Jul-2020 00:00,03-Jul-2020 00:00,1634.0
03-Jul-2020 00:00,04-Jul-2020 00:00,1472.0
04-Jul-2020 00:00,05-Jul-2020 00:00,1734.0
05-Jul-2020 00:00,06-Jul-2020 00:00,239.0
06-Jul-2020 00:00,07-Jul-2020 00:00,1385.0
07-Jul-2020 00:00,08-Jul-2020 00:00,1196.0
08-Jul-2020 00:00,09-Jul-2020 00:00,329.0
09-Jul-2020 00:00,10-Jul-2020 00:00,370.0
10-Jul-2020 00:00,11-Jul-2020 00:00,326.0
11-Jul-2020 00:00,12-Jul-2020 00:00,576.0
12-Jul-2020 00:00,13-Jul-2020 00:00,349.0
13-Jul-2020 00:00,14-Jul-2020 00:00,3502.0
14-Jul-2020 00:00,15-Jul-2020 00:00,7996.0
15-Jul-2020 00:00,16-Jul-2020 00:00,361.0
16-Jul-2020 00:00,17-Jul-2020 00:00,2284.0
17-Jul-2020 00:00,18-Jul-2020 00:00,328.0
18-Jul-2020 00:00,19-Jul-2020 00:00,7107.0
19-Jul-2020 00:00,20-Jul-2020 00:00,326.0
20-Jul-2020 00:00,21-Jul-2020 00:00,10527.0
21-Jul-2020 00:00,22-Jul-2020 00:00,7304.0
22-Jul-2020 00:00,23-Jul-2020 00:00,12618.0
23-Jul-2020 00:00,24-Jul-2020 00:00,2400.0
24-Jul-2020 00:00,25-Jul-2020 00:00,6223.0
25-Jul-2020 00:00,26-Jul-2020 00:00,161.0
26-Jul-2020 00:00,27-Jul-2020 00:00,435.0
27-Jul-2020 00:00,28-Jul-2020 00:00,7295.0
28-Jul-2020 00:00,29-Jul-2020 00:00,4860.0
29-Jul-2020 00:00,30-Jul-2020 00:00,7870.0
30-Jul-2020 00:00,31-Jul-2020 00:00,6853.0
31-Jul-2020 00:00,01-Aug-2020 00:00,6014.0
01-Aug-2020 00:00,02-Aug-2020 00:00,175.0
02-Aug-2020 00:00,03-Aug-2020 00:00,6090.0
03-Aug-2020 00:00,04-Aug-2020 00:00,8394.0
04-Aug-2020 00:00,05-Aug-2020 00:00,6134.0
05-Aug-2020 00:00,06-Aug-2020 00:00,7716.0
06-Aug-2020 00:00,07-Aug-2020 00:00,6965.0
07-Aug-2020 00:00,08-Aug-2020 00:00,8587.0
08-Aug-2020 00:00,09-Aug-2020 00:00,452.0
09-Aug-2020 00:00,10-Aug-2020 00:00,159.0
10-Aug-2020 00:00,11-Aug-2020 00:00,9345.0
11-Aug-2020 00:00,12-Aug-2020 00:00,10093.0
12-Aug-2020 00:00,13-Aug-2020 00:00,7177.0
13-Aug-2020 00:00,14-Aug-2020 00:00,14462.0
14-Aug-2020 00:00,15-Aug-2020 00:00,9345.0
15-Aug-2020 00:00,16-Aug-2020 00:00,9548.0
16-Aug-2020 00:00,17-Aug-2020 00:00,486.0
17-Aug-2020 00:00,18-Aug-2020 00:00,8920.0
18-Aug-2020 00:00,19-Aug-2020 00:00,8486.0
19-Aug-2020 00:00,20-Aug-2020 00:00,8151.0
20-Aug-2020 00:00,21-Aug-2020 00:00,2205.0
21-Aug-2020 00:00,22-Aug-2020 00:00,151.0
22-Aug-2020 00:00,23-Aug-2020 00:00,30.0
23-Aug-2020 00:00,24-Aug-2020 00:00,33.0
24-Aug-2020 00:00,25-Aug-2020 00:00,228.0
25-Aug-2020 00:00,26-Aug-2020 00:00,3018.0
26-Aug-2020 00:00,27-Aug-2020 00:00,626.860537117745
27-Aug-2020 00:00,28-Aug-2020 00:00,2840.13946288225
28-Aug-2020 00:00,29-Aug-2020 00:00,9945.0
29-Aug-2020 00:00,30-Aug-2020 00:00,14188.0
30-Aug-2020 00:00,31-Aug-2020 00:00,962.0
31-Aug-2020 00:00,01-Sep-2020 00:00,5922.0
01-Sep-2020 00:00,02-Sep-2020 00:00,11562.0
02-Sep-2020 00:00,03-Sep-2020 00:00,1623.0
03-Sep-2020 00:00,04-Sep-2020 00:00,117.0
04-Sep-2020 00:00,05-Sep-2020 00:00,109.0
05-Sep-2020 00:00,06-Sep-2020 00:00,10814.0
06-Sep-2020 00:00,07-Sep-2020 00:00,4748.0
07-Sep-2020 00:00,08-Sep-2020 00:00,4526.0
08-Sep-2020 00:00,09-Sep-2020 00:00,2945.0
09-Sep-2020 00:00,10-Sep-2020 00:00,275.0
10-Sep-2020 00:00,11-Sep-2020 00:00,11771.0
11-Sep-2020 00:00,12-Sep-2020 00:00,1914.0
12-Sep-2020 00:00,13-Sep-2020 00:00,53.0
13-Sep-2020 00:00,14-Sep-2020 00:00,126.0
14-Sep-2020 00:00,15-Sep-2020 00:00,6230.0
15-Sep-2020 00:00,16-Sep-2020 00:00,6772.0
16-Sep-2020 00:00,17-Sep-2020 00:00,210.0
17-Sep-2020 00:00,18-Sep-2020 00:00,225.0
18-Sep-2020 00:00,19-Sep-2020 00:00,109.0
19-Sep-2020 00:00,20-Sep-2020 00:00,3001.0
20-Sep-2020 00:00,21-Sep-2020 00:00,9755.0
21-Sep-2020 00:00,22-Sep-2020 00:00,163.0
22-Sep-2020 00:00,23-Sep-2020 00:00,1798.0
23-Sep-2020 00:00,24-Sep-2020 00:00,106.0
24-Sep-2020 00:00,25-Sep-2020 00:00,3558.0
25-Sep-2020 00:00,26-Sep-2020 00:00,19337.0
26-Sep-2020 00:00,27-Sep-2020 00:00,603.0
27-Sep-2020 00:00,28-Sep-2020 00:00,68.0
28-Sep-2020 00:00,29-Sep-2020 00:00,7424.0
29-Sep-2020 00:00,30-Sep-2020 00:00,4343.0
30-Sep-2020 00:00,01-Oct-2020 00:00,549.0
01-Oct-2020 00:00,02-Oct-2020 00:00,3712.0
02-Oct-2020 00:00,03-Oct-2020 00:00,158.0
03-Oct-2020 00:00,04-Oct-2020 00:00,10576.0
04-Oct-2020 00:00,05-Oct-2020 00:00,137.0
05-Oct-2020 00:00,06-Oct-2020 00:00,5808.0
06-Oct-2020 00:00,07-Oct-2020 00:00,77.0
07-Oct-2020 00:00,08-Oct-2020 00:00,141.0
08-Oct-2020 00:00,09-Oct-2020 00:00,3780.0
09-Oct-2020 00:00,10-Oct-2020 00:00,119.0
10-Oct-2020 00:00,11-Oct-2020 00:00,11520.0
11-Oct-2020 00:00,12-Oct-2020 00:00,168.0
12-Oct-2020 00:00,13-Oct-2020 00:00,10676.0
13-Oct-2020 00:00,14-Oct-2020 00:00,5715.0
14-Oct-2020 00:00,15-Oct-2020 00:00,17161.0
15-Oct-2020 00:00,16-Oct-2020 00:00,21954.0
16-Oct-2020 00:00,17-Oct-2020 00:00,18882.0
17-Oct-2020 00:00,18-Oct-2020 00:00,18089.0
18-Oct-2020 00:00,19-Oct-2020 00:00,15316.0
19-Oct-2020 00:00,20-Oct-2020 00:00,45.0
20-Oct-2020 00:00,21-Oct-2020 00:00,103.0
21-Oct-2020 00:00,22-Oct-2020 00:00,130.0
22-Oct-2020 00:00,23-Oct-2020 00:00,90.0
23-Oct-2020 00:00,24-Oct-2020 00:00,5.0
24-Oct-2020 00:00,25-Oct-2020 00:00,5865.0
25-Oct-2020 00:00,26-Oct-2020 00:00,5739.0
26-Oct-2020 00:00,27-Oct-2020 00:00,16708.0
27-Oct-2020 00:00,28-Oct-2020 00:00,15470.0
28-Oct-2020 00:00,29-Oct-2020 00:00,20473.0
29-Oct-2020 00:00,30-Oct-2020 00:00,21341.0
30-Oct-2020 00:00,31-Oct-2020 00:00,11976.0
31-Oct-2020 00:00,01-Nov-2020 00:00,17419.0
01-Nov-2020 00:00,02-Nov-2020 00:00,3639.0
02-Nov-2020 00:00,03-Nov-2020 00:00,1237.0
03-Nov-2020 00:00,04-Nov-2020 00:00,147.0
04-Nov-2020 00:00,05-Nov-2020 00:00,75.0
05-Nov-2020 00:00,06-Nov-2020 00:00,170.0
06-Nov-2020 00:00,07-Nov-2020 00:00,238.0
07-Nov-2020 00:00,08-Nov-2020 00:00,160.0
08-Nov-2020 00:00,09-Nov-2020 00:00,83.0
09-Nov-2020 00:00,10-Nov-2020 00:00,172.0
10-Nov-2020 00:00,11-Nov-2020 00:00,102.0
11-Nov-2020 00:00,12-Nov-2020 00:00,102.0
12-Nov-2020 00:00,13-Nov-2020 00:00,105.0
13-Nov-2020 00:00,14-Nov-2020 00:00,159.0
14-Nov-2020 00:00,15-Nov-2020 00:00,115.0
15-Nov-2020 00:00,16-Nov-2020 00:00,155.0
16-Nov-2020 00:00,17-Nov-2020 00:00,26.0
17-Nov-2020 00:00,18-Nov-2020 00:00,344.0
18-Nov-2020 00:00,19-Nov-2020 00:00,59.0
19-Nov-2020 00:00,20-Nov-2020 00:00,91.0
20-Nov-2020 00:00,21-Nov-2020 00:00,208.0
21-Nov-2020 00:00,22-Nov-2020 00:00,6633.0
22-Nov-2020 00:00,23-Nov-2020 00:00,168.0
23-Nov-2020 00:00,24-Nov-2020 00:00,140.0
24-Nov-2020 00:00,25-Nov-2020 00:00,147.0
25-Nov-2020 00:00,26-Nov-2020 00:00,171.0
26-Nov-2020 00:00,27-Nov-2020 00:00,174.0
27-Nov-2020 00:00,28-Nov-2020 00:00,572.0
28-Nov-2020 00:00,29-Nov-2020 00:00,142.0
29-Nov-2020 00:00,30-Nov-2020 00:00,277.0
30-Nov-2020 00:00,01-Dec-2020 00:00,129.0
01-Dec-2020 00:00,02-Dec-2020 00:00,2716.0
02-Dec-2020 00:00,03-Dec-2020 00:00,597.0
03-Dec-2020 00:00,04-Dec-2020 00:00,3315.0
04-Dec-2020 00:00,05-Dec-2020 00:00,139.0
05-Dec-2020 00:00,06-Dec-2020 00:00,4334.0
06-Dec-2020 00:00,07-Dec-2020 00:00,197.0
07-Dec-2020 00:00,08-Dec-2020 00:00,37.0
08-Dec-2020 00:00,09-Dec-2020 00:00,2717.0
09-Dec-2020 00:00,10-Dec-2020 00:00,177.0
10-Dec-2020 00:00,11-Dec-2020 00:00,2459.0
11-Dec-2020 00:00,12-Dec-2020 00:00,117.0
12-Dec-2020 00:00,13-Dec-2020 00:00,13164.0
13-Dec-2020 00:00,14-Dec-2020 00:00,2749.0
14-Dec-2020 00:00,15-Dec-2020 00:00,76.0
15-Dec-2020 00:00,16-Dec-2020 00:00,94.0
16-Dec-2020 00:00,17-Dec-2020 00:00,163.0
17-Dec-2020 00:00,18-Dec-2020 00:00,2947.0
18-Dec-2020 00:00,19-Dec-2020 00:00,35.0
19-Dec-2020 00:00,20-Dec-2020 00:00,5683.0
20-Dec-2020 00:00,21-Dec-2020 00:00,5339.0
21-Dec-2020 00:00,22-Dec-2020 00:00,307.0
22-Dec-2020 00:00,23-Dec-2020 00:00,11068.0
23-Dec-2020 00:00,24-Dec-2020 00:00,114.0
24-Dec-2020 00:00,25-Dec-2020 00:00,3237.0
25-Dec-2020 00:00,26-Dec-2020 00:00,798.0
26-Dec-2020 00:00,27-Dec-2020 00:00,337.0
27-Dec-2020 00:00,28-Dec-2020 00:00,226.0
28-Dec-2020 00:00,29-Dec-2020 00:00,217.0
29-Dec-2020 00:00,30-Dec-2020 00:00,214.0
30-Dec-2020 00:00,31-Dec-2020 00:00,1655.0
31-Dec-2020 00:00,01-Jan-2021 00:00,261.0
01-Jan-2021 00:00,02-Jan-2021 00:00,572.0
02-Jan-2021 00:00,03-Jan-2021 00:00,207.0
03-Jan-2021 00:00,04-Jan-2021 00:00,286.0
04-Jan-2021 00:00,05-Jan-2021 00:00,362.0
05-Jan-2021 00:00,06-Jan-2021 00:00,288.0
06-Jan-2021 00:00,07-Jan-2021 00:00,207.0
07-Jan-2021 00:00,08-Jan-2021 00:00,3647.0
08-Jan-2021 00:00,09-Jan-2021 00:00,110.0
09-Jan-2021 00:00,10-Jan-2021 00:00,4975.0
10-Jan-2021 00:00,11-Jan-2021 00:00,211.0
11-Jan-2021 00:00,12-Jan-2021 00:00,165.0
12-Jan-2021 00:00,13-Jan-2021 00:00,10780.0
13-Jan-2021 00:00,14-Jan-2021 00:00,6929.0
14-Jan-2021 00:00,15-Jan-2021 00:00,64.0
15-Jan-2021 00:00,16-Jan-2021 00:00,169.0
16-Jan-2021 00:00,17-Jan-2021 00:00,8064.0
17-Jan-2021 00:00,18-Jan-2021 00:00,187.0
18-Jan-2021 00:00,19-Jan-2021 00:00,2941.0
19-Jan-2021 00:00,20-Jan-2021 00:00,11136.0
20-Jan-2021 00:00,21-Jan-2021 00:00,163.0
21-Jan-2021 00:00,22-Jan-2021 00:00,8926.0
22-Jan-2021 00:00,23-Jan-2021 00:00,3878.0
23-Jan-2021 00:00,24-Jan-2021 00:00,122.0
24-Jan-2021 00:00,25-Jan-2021 00:00,41.0
25-Jan-2021 00:00,26-Jan-2021 00:00,457.0
26-Jan-2021 00:00,27-Jan-2021 00:00,2797.0
27-Jan-2021 00:00,28-Jan-2021 00:00,136.0
28-Jan-2021 00:00,29-Jan-2021 00:00,118.0
29-Jan-2021 00:00,30-Jan-2021 00:00,153.0
30-Jan-2021 00:00,31-Jan-2021 00:00,5572.0
31-Jan-2021 00:00,01-Feb-2021 00:00,2738.0
01-Feb-2021 00:00,02-Feb-2021 00:00,151.0
02-Feb-2021 00:00,03-Feb-2021 00:00,2843.0
03-Feb-2021 00:00,04-Feb-2021 00:00,75.0
04-Feb-2021 00:00,05-Feb-2021 00:00,7278.0
05-Feb-2021 00:00,06-Feb-2021 00:00,205.0
06-Feb-2021 00:00,07-Feb-2021 00:00,5746.0
07-Feb-2021 00:00,08-Feb-2021 00:00,4742.0
08-Feb-2021 00:00,09-Feb-2021 00:00,299.0
09-Feb-2021 00:00,10-Feb-2021 00:00,320.0
10-Feb-2021 00:00,11-Feb-2021 00:00,1938.0
11-Feb-2021 00:00,12-Feb-2021 00:00,315.0
12-Feb-2021 00:00,13-Feb-2021 00:00,282.0
13-Feb-2021 00:00,14-Feb-2021 00:00,411.0
14-Feb-2021 00:00,15-Feb-2021 00:00,176.0
15-Feb-2021 00:00,16-Feb-2021 00:00,159.0
16-Feb-2021 00:00,17-Feb-2021 00:00,3205.0
17-Feb-2021 00:00,18-Feb-2021 00:00,3657.0
18-Feb-2021 00:00,19-Feb-2021 00:00,2725.0
19-Feb-2021 00:00,20-Feb-2021 00:00,3608.0
20-Feb-2021 00:00,21-Feb-2021 00:00,11445.0
21-Feb-2021 00:00,22-Feb-2021 00:00,5244.0
22-Feb-2021 00:00,23-Feb-2021 00:00,414.0
23-Feb-2021 00:00,24-Feb-2021 00:00,805.0
24-Feb-2021 00:00,25-Feb-2021 00:00,3831.0
25-Feb-2021 00:00,26-Feb-2021 00:00,5575.0
26-Feb-2021 00:00,27-Feb-2021 00:00,4327.0
27-Feb-2021 00:00,28-Feb-2021 00:00,11938.0
28-Feb-2021 00:00,01-Mar-2021 00:00,498.0
01-Mar-2021 00:00,02-Mar-2021 00:00,3175.0
02-Mar-2021 00:00,03-Mar-2021 00:00,7721.0
03-Mar-2021 00:00,04-Mar-2021 00:00,130.0
04-Mar-2021 00:00,05-Mar-2021 00:00,3840.0
05-Mar-2021 00:00,06-Mar-2021 00:00,51.0
06-Mar-2021 00:00,07-Mar-2021 00:00,67.0
07-Mar-2021 00:00,08-Mar-2021 00:00,443.0
08-Mar-2021 00:00,09-Mar-2021 00:00,6586.0
09-Mar-2021 00:00,10-Mar-2021 00:00,52.0
10-Mar-2021 00:00,11-Mar-2021 00:00,2926.0
11-Mar-2021 00:00,12-Mar-2021 00:00,185.0
12-Mar-2021 00:00,13-Mar-2021 00:00,2932.0
13-Mar-2021 00:00,14-Mar-2021 00:00,12160.0
14-Mar-2021 00:00,15-Mar-2021 00:00,123.0
15-Mar-2021 00:00,16-Mar-2021 00:00,10565.0
16-Mar-2021 00:00,17-Mar-2021 00:00,3298.0
17-Mar-2021 00:00,18-Mar-2021 00:00,3978.0
18-Mar-2021 00:00,19-Mar-2021 00:00,623.0
19-Mar-2021 00:00,20-Mar-2021 00:00,3033.0
20-Mar-2021 00:00,21-Mar-2021 00:00,5849.0
21-Mar-2021 00:00,22-Mar-2021 00:00,95.0
22-Mar-2021 00:00,23-Mar-2021 00:00,6858.0
23-Mar-2021 00:00,24-Mar-2021 00:00,1.0
24-Mar-2021 00:00,25-Mar-2021 00:00,2668.0
25-Mar-2021 00:00,26-Mar-2021 00:00,132.939226675417
26-Mar-2021 00:00,27-Mar-2021 00:00,2756.06077332458
27-Mar-2021 00:00,28-Mar-2021 00:00,5258.0
28-Mar-2021 00:00,29-Mar-2021 00:00,3012.0
29-Mar-2021 00:00,30-Mar-2021 00:00,180.0
30-Mar-2021 00:00,31-Mar-2021 00:00,7122.0
31-Mar-2021 00:00,01-Apr-2021 00:00,146.0
01-Apr-2021 00:00,02-Apr-2021 00:00,3728.0
02-Apr-2021 00:00,03-Apr-2021 00:00,199.0
03-Apr-2021 00:00,04-Apr-2021 00:00,2569.0
04-Apr-2021 00:00,05-Apr-2021 00:00,6336.0
05-Apr-2021 00:00,06-Apr-2021 00:00,353.0
06-Apr-2021 00:00,07-Apr-2021 00:00,293.0
07-Apr-2021 00:00,08-Apr-2021 00:00,162.0
08-Apr-2021 00:00,09-Apr-2021 00:00,373.0
09-Apr-2021 00:00,10-Apr-2021 00:00,543.0
10-Apr-2021 00:00,11-Apr-2021 00:00,299.0
11-Apr-2021 00:00,12-Apr-2021 00:00,193.0
12-Apr-2021 00:00,13-Apr-2021 00:00,264.0
13-Apr-2021 00:00,14-Apr-2021 00:00,252.0
14-Apr-2021 00:00,15-Apr-2021 00:00,450.0
15-Apr-2021 00:00,16-Apr-2021 00:00,515.0
16-Apr-2021 00:00,17-Apr-2021 00:00,277.0
17-Apr-2021 00:00,18-Apr-2021 00:00,990.0
18-Apr-2021 00:00,19-Apr-2021 00:00,474.0
19-Apr-2021 00:00,20-Apr-2021 00:00,262.0
20-Apr-2021 00:00,21-Apr-2021 00:00,387.0
21-Apr-2021 00:00,22-Apr-2021 00:00,7462.0
22-Apr-2021 00:00,23-Apr-2021 00:00,405.0
23-Apr-2021 00:00,24-Apr-2021 00:00,423.0
24-Apr-2021 00:00,25-Apr-2021 00:00,3868.0
25-Apr-2021 00:00,26-Apr-2021 00:00,158.0
26-Apr-2021 00:00,27-Apr-2021 00:00,234.0
27-Apr-2021 00:00,28-Apr-2021 00:00,248.0
28-Apr-2021 00:00,29-Apr-2021 00:00,339.0
29-Apr-2021 00:00,30-Apr-2021 00:00,326.0
30-Apr-2021 00:00,01-May-2021 00:00,1763.0
01-May-2021 00:00,02-May-2021 00:00,539.0
02-May-2021 00:00,03-May-2021 00:00,439.0
03-May-2021 00:00,04-May-2021 00:00,239.0
04-May-2021 00:00,05-May-2021 00:00,393.0
05-May-2021 00:00,06-May-2021 00:00,530.0
06-May-2021 00:00,07-May-2021 00:00,3029.0
07-May-2021 00:00,08-May-2021 00:00,15262.0
08-May-2021 00:00,09-May-2021 00:00,55.0
09-May-2021 00:00,10-May-2021 00:00,4708.0
10-May-2021 00:00,11-May-2021 00:00,4166.0
11-May-2021 00:00,12-May-2021 00:00,6304.0
12-May-2021 00:00,13-May-2021 00:00,83.0
13-May-2021 00:00,14-May-2021 00:00,3710.0
14-May-2021 00:00,15-May-2021 00:00,3117.0
15-May-2021 00:00,16-May-2021 00:00,4949.0
16-May-2021 00:00,17-May-2021 00:00,278.0
17-May-2021 00:00,18-May-2021 00:00,8034.0
18-May-2021 00:00,19-May-2021 00:00,140.0
19-May-2021 00:00,20-May-2021 00:00,4878.0
20-May-2021 00:00,21-May-2021 00:00,10919.0
21-May-2021 00:00,22-May-2021 00:00,126.0
22-May-2021 00:00,23-May-2021 00:00,10389.0
23-May-2021 00:00,24-May-2021 00:00,181.0
24-May-2021 00:00,25-May-2021 00:00,293.0
25-May-2021 00:00,26-May-2021 00:00,5548.0
26-May-2021 00:00,27-May-2021 00:00,2972.0
27-May-2021 00:00,28-May-2021 00:00,21732.0
28-May-2021 00:00,29-May-2021 00:00,16156.0
29-May-2021 00:00,30-May-2021 00:00,3214.0
30-May-2021 00:00,31-May-2021 00:00,18232.0
31-May-2021 00:00,01-Jun-2021 00:00,12929.0
01-Jun-2021 00:00,02-Jun-2021 00:00,21594.0
02-Jun-2021 00:00,03-Jun-2021 00:00,11485.0
03-Jun-2021 00:00,04-Jun-2021 00:00,4491.0
04-Jun-2021 00:00,05-Jun-2021 00:00,6220.0
05-Jun-2021 00:00,06-Jun-2021 00:00,178.0
06-Jun-2021 00:00,07-Jun-2021 00:00,125.0
07-Jun-2021 00:00,08-Jun-2021 00:00,4475.0
08-Jun-2021 00:00,09-Jun-2021 00:00,6500.0
09-Jun-2021 00:00,10-Jun-2021 00:00,3624.0
10-Jun-2021 00:00,11-Jun-2021 00:00,7735.0
11-Jun-2021 00:00,12-Jun-2021 00:00,11548.0
12-Jun-2021 00:00,13-Jun-2021 00:00,160.0
13-Jun-2021 00:00,14-Jun-2021 00:00,2827.0
14-Jun-2021 00:00,15-Jun-2021 00:00,4713.0
15-Jun-2021 00:00,16-Jun-2021 00:00,8143.0
16-Jun-2021 00:00,17-Jun-2021 00:00,4887.0
17-Jun-2021 00:00,18-Jun-2021 00:00,4302.0
18-Jun-2021 00:00,19-Jun-2021 00:00,9265.0
19-Jun-2021 00:00,20-Jun-2021 00:00,2029.0
20-Jun-2021 00:00,21-Jun-2021 00:00,205.0
21-Jun-2021 00:00,22-Jun-2021 00:00,6243.0
22-Jun-2021 00:00,23-Jun-2021 00:00,6283.0
23-Jun-2021 00:00,24-Jun-2021 00:00,3146.0
24-Jun-2021 00:00,25-Jun-2021 00:00,4594.0
25-Jun-2021 00:00,26-Jun-2021 00:00,4626.0
26-Jun-2021 00:00,27-Jun-2021 00:00,10124.0
27-Jun-2021 00:00,28-Jun-2021 00:00,222.0
28-Jun-2021 00:00,29-Jun-2021 00:00,4880.0
29-Jun-2021 00:00,30-Jun-2021 00:00,6396.0
30-Jun-2021 00:00,01-Jul-2021 00:00,4652.0
01-Jul-2021 00:00,02-Jul-2021 00:00,4034.0
02-Jul-2021 00:00,03-Jul-2021 00:00,5215.0
03-Jul-2021 00:00,04-Jul-2021 00:00,227.0
04-Jul-2021 00:00,05-Jul-2021 00:00,185.657454431812
05-Jul-2021 00:00,06-Jul-2021 00:00,3294.34254556819
06-Jul-2021 00:00,07-Jul-2021 00:00,8779.0
07-Jul-2021 00:00,08-Jul-2021 00:00,3057.0
08-Jul-2021 00:00,09-Jul-2021 00:00,6450.0
09-Jul-2021 00:00,10-Jul-2021 00:00,5582.0
10-Jul-2021 00:00,11-Jul-2021 00:00,16385.0
11-Jul-2021 00:00,12-Jul-2021 00:00,5457.0
12-Jul-2021 00:00,13-Jul-2021 00:00,9315.10960310869
13-Jul-2021 00:00,14-Jul-2021 00:00,18758.3647873541
14-Jul-2021 00:00,15-Jul-2021 00:00,8364.52560953721
15-Jul-2021 00:00,16-Jul-2021 00:00,4035.0
16-Jul-2021 00:00,17-Jul-2021 00:00,16047.0
17-Jul-2021 00:00,18-Jul-2021 00:00,14431.0
18-Jul-2021 00:00,19-Jul-2021 00:00,16148.0
19-Jul-2021 00:00,20-Jul-2021 00:00,21092.0
20-Jul-2021 00:00,21-Jul-2021 00:00,17790.0
21-Jul-2021 00:00,22-Jul-2021 00:00,17678.0
22-Jul-2021 00:00,23-Jul-2021 00:00,10735.0
23-Jul-2021 00:00,24-Jul-2021 00:00,7807.0
24-Jul-2021 00:00,25-Jul-2021 00:00,3348.0
25-Jul-2021 00:00,26-Jul-2021 00:00,630.0
26-Jul-2021 00:00,27-Jul-2021 00:00,7696.0
27-Jul-2021 00:00,28-Jul-2021 00:00,3333.0
28-Jul-2021 00:00,29-Jul-2021 00:00,383.0
29-Jul-2021 00:00,30-Jul-2021 00:00,8136.0
30-Jul-2021 00:00,31-Jul-2021 00:00,7368.0
31-Jul-2021 00:00,01-Aug-2021 00:00,18859.0
01-Aug-2021 00:00,02-Aug-2021 00:00,15575.0
02-Aug-2021 00:00,03-Aug-2021 00:00,11246.0
03-Aug-2021 00:00,04-Aug-2021 00:00,8958.0
04-Aug-2021 00:00,05-Aug-2021 00:00,13071.0
05-Aug-2021 00:00,06-Aug-2021 00:00,9042.0
06-Aug-2021 00:00,07-Aug-2021 00:00,23600.948722997
07-Aug-2021 00:00,08-Aug-2021 00:00,16131.051277003
08-Aug-2021 00:00,09-Aug-2021 00:00,9661.0
09-Aug-2021 00:00,10-Aug-2021 00:00,13371.6800264107
10-Aug-2021 00:00,11-Aug-2021 00:00,13768.3199735893
11-Aug-2021 00:00,12-Aug-2021 00:00,18958.0
12-Aug-2021 00:00,13-Aug-2021 00:00,12808.3339491051
13-Aug-2021 00:00,14-Aug-2021 00:00,15370.3893277253
14-Aug-2021 00:00,15-Aug-2021 00:00,13315.2767231695
15-Aug-2021 00:00,16-Aug-2021 00:00,780.0
16-Aug-2021 00:00,17-Aug-2021 00:00,1243.0
17-Aug-2021 00:00,18-Aug-2021 00:00,7207.0
18-Aug-2021 00:00,19-Aug-2021 00:00,338.0
19-Aug-2021 00:00,20-Aug-2021 00:00,3003.0
20-Aug-2021 00:00,21-Aug-2021 00:00,328.0
21-Aug-2021 00:00,22-Aug-2021 00:00,3350.0
22-Aug-2021 00:00,23-Aug-2021 00:00,538.0
23-Aug-2021 00:00,24-Aug-2021 00:00,227.0
24-Aug-2021 00:00,25-Aug-2021 00:00,350.0
25-Aug-2021 00:00,26-Aug-2021 00:00,183.0
26-Aug-2021 00:00,27-Aug-2021 00:00,3443.0
27-Aug-2021 00:00,28-Aug-2021 00:00,106.0
28-Aug-2021 00:00,29-Aug-2021 00:00,2005.0
29-Aug-2021 00:00,30-Aug-2021 00:00,3323.0
30-Aug-2021 00:00,31-Aug-2021 00:00,744.0
31-Aug-2021 00:00,01-Sep-2021 00:00,191.0
01-Sep-2021 00:00,02-Sep-2021 00:00,2230.0
02-Sep-2021 00:00,03-Sep-2021 00:00,3704.21062858221
03-Sep-2021 00:00,04-Sep-2021 00:00,2653.78937141779
04-Sep-2021 00:00,05-Sep-2021 00:00,9323.0
05-Sep-2021 00:00,06-Sep-2021 00:00,119.0
06-Sep-2021 00:00,07-Sep-2021 00:00,2884.0
07-Sep-2021 00:00,08-Sep-2021 00:00,142.0
08-Sep-2021 00:00,09-Sep-2021 00:00,9340.0
09-Sep-2021 00:00,10-Sep-2021 00:00,8193.0
10-Sep-2021 00:00,11-Sep-2021 00:00,192.0
11-Sep-2021 00:00,12-Sep-2021 00:00,2788.0
12-Sep-2021 00:00,13-Sep-2021 00:00,331.0
13-Sep-2021 00:00,14-Sep-2021 00:00,6213.0
14-Sep-2021 00:00,15-Sep-2021 00:00,166.0
15-Sep-2021 00:00,16-Sep-2021 00:00,2180.0
16-Sep-2021 00:00,17-Sep-2021 00:00,8774.0
17-Sep-2021 00:00,18-Sep-2021 00:00,2456.0
18-Sep-2021 00:00,19-Sep-2021 00:00,11082.0
19-Sep-2021 00:00,20-Sep-2021 00:00,117.0
20-Sep-2021 00:00,21-Sep-2021 00:00,4627.0
21-Sep-2021 00:00,22-Sep-2021 00:00,517.0
22-Sep-2021 00:00,23-Sep-2021 00:00,11587.0
23-Sep-2021 00:00,24-Sep-2021 00:00,4018.0
24-Sep-2021 00:00,25-Sep-2021 00:00,653.0
25-Sep-2021 00:00,26-Sep-2021 00:00,2328.0
26-Sep-2021 00:00,27-Sep-2021 00:00,12.0
